product_id,sku,name,category_id,unit_of_measure,pack_size,list_price,is_active,discontinued_on
1,PRD-0001,Fieldgate Berries Loose,1,each,2,1.95,true,
2,PRD-0002,Green Acre Potatoes Class I,1,each,1,0.49,true,
3,PRD-0003,Orchard Row Bananas Pack of 6,1,each,2,1.49,true,
4,PRD-0004,Fieldgate Tomatoes Pack of 6,1,each,1,0.49,true,
5,PRD-0005,Marsh Lane Apples Family Pack,1,each,4,7.99,true,
6,PRD-0006,Marsh Lane Carrots Loose,1,each,2,1.99,true,
7,PRD-0007,Marsh Lane Potatoes Loose,1,each,4,0.99,true,
8,PRD-0008,Fieldgate Salad Bag Family Pack,1,each,2,3.95,true,
9,PRD-0009,Green Acre Onions Pack of 6,1,each,1,4.99,true,
10,PRD-0010,Orchard Row Tomatoes Class I,1,each,1,2.95,true,
11,PRD-0011,Fieldgate Tomatoes Organic,1,each,1,1.99,true,
12,PRD-0012,Orchard Row Mushrooms Family Pack,1,each,2,7.99,true,
13,PRD-0013,Orchard Row Berries Class I,1,each,1,7.49,true,
14,PRD-0014,Green Acre Salad Bag Organic,1,each,1,3.99,true,
15,PRD-0015,Fieldgate Tomatoes Organic #2,1,each,4,0.99,true,
16,PRD-0016,Orchard Row Bananas Class I,1,each,2,3.49,true,
17,PRD-0017,Orchard Row Mushrooms Organic,1,each,2,1.49,true,
18,PRD-0018,Marsh Lane Carrots Loose #2,1,each,1,2.49,true,
19,PRD-0019,Marsh Lane Apples Pack of 6,1,each,4,1.95,true,
20,PRD-0020,Green Acre Berries Pack of 6,1,each,1,3.99,true,
21,PRD-0021,Orchard Row Salad Bag Class I,1,each,1,2.49,true,
22,PRD-0022,Orchard Row Salad Bag Organic,1,each,1,1.95,true,
23,PRD-0023,Green Acre Carrots Organic,1,each,1,1.49,true,
24,PRD-0024,Orchard Row Bananas Family Pack,1,each,2,3.99,true,
25,PRD-0025,Fieldgate Apples Pack of 6,1,each,1,4.49,true,
26,PRD-0026,Fieldgate Peppers Family Pack,1,each,1,2.49,true,
27,PRD-0027,Orchard Row Mushrooms Class I,1,each,1,0.49,true,
28,PRD-0028,Fieldgate Berries Organic,1,each,2,0.49,true,
29,PRD-0029,Marsh Lane Mushrooms Class I,1,each,1,0.99,true,
30,PRD-0030,Orchard Row Potatoes Loose,1,each,1,2.49,true,
31,PRD-0031,Orchard Row Mushrooms Organic #2,1,each,1,2.95,true,
32,PRD-0032,Fieldgate Mushrooms Pack of 6,1,each,4,0.95,true,
33,PRD-0033,Green Acre Apples Family Pack,1,each,1,2.49,true,
34,PRD-0034,Green Acre Potatoes Class I #2,1,each,2,1.49,true,
35,PRD-0035,Marsh Lane Tomatoes Pack of 6,1,each,1,0.49,true,
36,PRD-0036,Orchard Row Salad Bag Pack of 6,1,each,1,0.95,true,
37,PRD-0037,Marsh Lane Onions Family Pack,1,each,2,0.99,true,
38,PRD-0038,Green Acre Salad Bag Family Pack,1,each,1,0.99,true,
39,PRD-0039,Green Acre Mushrooms Class I,1,each,1,1.95,true,
40,PRD-0040,Marsh Lane Mushrooms Pack of 6,1,each,1,3.99,true,
41,PRD-0041,Fieldgate Salad Bag Organic,1,each,2,1.49,true,
42,PRD-0042,Green Acre Bananas Class I,1,each,2,1.49,true,
43,PRD-0043,Orchard Row Apples Family Pack,1,each,1,1.95,true,
44,PRD-0044,Orchard Row Salad Bag Pack of 6 #2,1,each,1,2.49,true,
45,PRD-0045,Marsh Lane Mushrooms Loose,1,each,1,3.95,true,
46,PRD-0046,Orchard Row Berries Organic,1,each,2,1.49,true,
47,PRD-0047,Orchard Row Berries Class I #2,1,each,2,0.95,true,
48,PRD-0048,Orchard Row Onions Loose,1,each,1,1.99,true,
49,BAK-0001,Old Harbour Muffins Thick Cut,2,each,1,3.99,true,
50,BAK-0002,Old Harbour Muffins 800g,2,each,1,1.99,true,
51,BAK-0003,Baker's Row White Loaf 4 Pack,2,each,1,1.49,true,
52,BAK-0004,Baker's Row Baguette 6 Pack,2,each,1,1.99,true,
53,BAK-0005,Baker's Row White Loaf 6 Pack,2,each,2,3.95,true,
54,BAK-0006,Baker's Row Sourdough 6 Pack,2,each,2,3.99,true,
55,BAK-0007,Baker's Row Muffins 6 Pack,2,each,1,0.49,true,
56,BAK-0008,Baker's Row Wholemeal Loaf 800g,2,each,4,0.99,true,
57,BAK-0009,Baker's Row White Loaf 6 Pack #2,2,each,1,1.95,true,
58,BAK-0010,Stonemill Bagels 4 Pack,2,each,1,1.99,true,
59,BAK-0011,Old Harbour Muffins Thick Cut #2,2,each,1,1.95,true,
60,BAK-0012,Baker's Row Wholemeal Loaf 6 Pack,2,each,1,1.99,true,
61,BAK-0013,Stonemill Croissants Thick Cut,2,each,2,0.49,true,
62,BAK-0014,Stonemill Bagels 4 Pack #2,2,each,4,3.95,true,
63,BAK-0015,Baker's Row White Loaf 800g,2,each,1,1.49,true,
64,BAK-0016,Baker's Row White Loaf Sliced,2,each,4,1.49,true,
65,BAK-0017,Baker's Row Muffins Sliced,2,each,1,1.95,true,
66,BAK-0018,Old Harbour Croissants 800g,2,each,4,1.99,true,
67,BAK-0019,Old Harbour Sourdough 800g,2,each,1,0.49,true,
68,BAK-0020,Stonemill Baguette 800g,2,each,2,2.99,true,
69,BAK-0021,Old Harbour Wholemeal Loaf 6 Pack,2,each,1,1.49,true,
70,BAK-0022,Baker's Row Baguette 800g,2,each,1,2.99,true,
71,BAK-0023,Baker's Row Bagels Sliced,2,each,1,0.95,true,
72,BAK-0024,Old Harbour Croissants Thick Cut,2,each,2,4.49,true,
73,BAK-0025,Old Harbour Bagels Sliced,2,each,1,1.49,true,
74,BAK-0026,Stonemill Wholemeal Loaf 800g,2,each,1,1.49,true,
75,DRY-0001,Fern Valley Whole Milk Twin Pack,3,each,4,1.99,true,
76,DRY-0002,Hillfoot Double Cream Standard,3,each,2,1.99,true,
77,DRY-0003,Coldbrook Cheddar Standard,3,each,1,1.49,true,
78,DRY-0004,Hillfoot Free Range Eggs Organic,3,each,1,1.49,true,
79,DRY-0005,Fern Valley Double Cream Family Pack,3,each,1,2.95,true,
80,DRY-0006,Hillfoot Whole Milk Organic,3,each,1,1.95,true,
81,DRY-0007,Hillfoot Butter Twin Pack,3,each,4,0.99,true,
82,DRY-0008,Fern Valley Cheddar Family Pack,3,each,2,1.95,true,
83,DRY-0009,Coldbrook Semi-Skimmed Milk Large,3,each,1,8.49,true,
84,DRY-0010,Coldbrook Whole Milk Twin Pack,3,each,1,5.99,true,
85,DRY-0011,Coldbrook Butter Twin Pack,3,each,1,2.99,true,
86,DRY-0012,Coldbrook Butter Organic,3,each,1,6.95,true,
87,DRY-0013,Hillfoot Double Cream Large,3,each,2,2.95,true,
88,DRY-0014,Fern Valley Free Range Eggs Standard,3,each,1,4.95,true,
89,DRY-0015,Hillfoot Free Range Eggs Organic #2,3,each,1,0.95,true,
90,DRY-0016,Coldbrook Whole Milk Twin Pack #2,3,each,1,1.99,true,
91,DRY-0017,Hillfoot Mozzarella Family Pack,3,each,4,1.95,true,
92,DRY-0018,Hillfoot Mozzarella Organic,3,each,2,1.49,true,
93,DRY-0019,Hillfoot Mozzarella Twin Pack,3,each,1,0.99,true,
94,DRY-0020,Coldbrook Butter Large,3,each,1,1.49,true,
95,DRY-0021,Fern Valley Free Range Eggs Standard #2,3,each,4,1.49,true,
96,DRY-0022,Fern Valley Yoghurt Family Pack,3,each,1,1.49,true,
97,DRY-0023,Hillfoot Cheddar Family Pack,3,each,2,2.49,true,
98,DRY-0024,Fern Valley Double Cream Twin Pack,3,each,1,3.49,true,
99,DRY-0025,Hillfoot Double Cream Twin Pack,3,each,2,2.49,true,
100,DRY-0026,Coldbrook Whole Milk Organic,3,each,1,1.95,true,
101,DRY-0027,Coldbrook Double Cream Family Pack,3,each,4,1.49,true,
102,DRY-0028,Hillfoot Yoghurt Organic,3,each,4,6.95,true,
103,DRY-0029,Hillfoot Double Cream Standard #2,3,each,1,4.95,true,
104,DRY-0030,Fern Valley Double Cream Standard,3,each,1,0.99,true,
105,DRY-0031,Hillfoot Cheddar Standard,3,each,4,2.49,true,
106,DRY-0032,Fern Valley Free Range Eggs Organic,3,each,4,0.95,true,
107,DRY-0033,Coldbrook Whole Milk Standard,3,each,1,1.49,true,
108,DRY-0034,Fern Valley Double Cream Family Pack #2,3,each,1,0.49,true,
109,DRY-0035,Coldbrook Semi-Skimmed Milk Standard,3,each,1,3.99,true,
110,DRY-0036,Fern Valley Butter Twin Pack,3,each,1,3.49,true,
111,DRY-0037,Hillfoot Free Range Eggs Family Pack,3,each,2,1.99,true,
112,DRY-0038,Fern Valley Whole Milk Family Pack,3,each,4,0.99,true,
113,DRY-0039,Fern Valley Semi-Skimmed Milk Family Pack,3,each,4,2.95,true,
114,DRY-0040,Hillfoot Whole Milk Large,3,each,2,0.99,true,
115,DRY-0041,Hillfoot Butter Twin Pack #2,3,each,2,1.49,true,
116,DRY-0042,Coldbrook Butter Standard,3,each,1,2.95,true,
117,DRY-0043,Fern Valley Double Cream Family Pack #3,3,each,4,1.99,true,
118,DRY-0044,Hillfoot Free Range Eggs Organic #3,3,each,1,0.95,true,
119,DRY-0045,Hillfoot Mozzarella Large,3,each,1,2.99,true,
120,DRY-0046,Hillfoot Free Range Eggs Organic #4,3,each,2,1.95,true,
121,DRY-0047,Hillfoot Free Range Eggs Standard,3,each,2,3.49,true,
122,DRY-0048,Fern Valley Cheddar Twin Pack,3,each,1,0.49,true,
123,MTF-0001,Wold Farm Cod Fillet 500g,4,each,1,2.95,true,
124,MTF-0002,Longacre Salmon Fillet 2 Pack,4,each,4,2.49,true,
125,MTF-0003,Wold Farm Bacon Smoked,4,each,2,0.95,true,
126,MTF-0004,Longacre Salmon Fillet Smoked,4,each,1,2.99,true,
127,MTF-0005,Harbourside Bacon 2 Pack,4,each,4,3.95,true,
128,MTF-0006,Harbourside Cod Fillet 2 Pack,4,each,2,1.99,true,
129,MTF-0007,Longacre Chicken Breast Smoked,4,each,4,0.49,true,
130,MTF-0008,Wold Farm Pork Sausages 2 Pack,4,each,1,1.99,true,
131,MTF-0009,Harbourside Cod Fillet 400g,4,each,1,0.99,true,
132,MTF-0010,Wold Farm Salmon Fillet 2 Pack,4,each,2,0.99,true,
133,MTF-0011,Longacre Lamb Chops 2 Pack,4,each,2,1.49,true,
134,MTF-0012,Wold Farm Cod Fillet Value Pack,4,each,1,4.99,true,
135,MTF-0013,Wold Farm Chicken Breast 400g,4,each,2,3.95,true,
136,MTF-0014,Wold Farm Bacon 2 Pack,4,each,2,3.95,true,
137,MTF-0015,Wold Farm Lamb Chops Smoked,4,each,1,3.99,true,
138,MTF-0016,Harbourside Chicken Breast 400g,4,each,4,1.95,true,
139,MTF-0017,Harbourside Cod Fillet 500g,4,each,2,2.99,true,
140,MTF-0018,Longacre Salmon Fillet Smoked #2,4,each,2,1.49,true,
141,MTF-0019,Wold Farm Pork Sausages 500g,4,each,1,2.95,true,
142,MTF-0020,Harbourside Bacon 400g,4,each,1,1.95,true,
143,MTF-0021,Wold Farm Salmon Fillet 2 Pack #2,4,each,2,2.95,true,
144,MTF-0022,Wold Farm Bacon 2 Pack #2,4,each,4,0.95,true,
145,MTF-0023,Longacre Pork Sausages Smoked,4,each,1,2.95,true,
146,MTF-0024,Harbourside Lamb Chops 2 Pack,4,each,1,0.99,true,
147,MTF-0025,Wold Farm Pork Sausages 2 Pack #2,4,each,1,0.49,true,
148,MTF-0026,Harbourside Pork Sausages Value Pack,4,each,1,1.49,true,
149,MTF-0027,Wold Farm Turkey Slices 500g,4,each,1,2.95,true,
150,MTF-0028,Wold Farm Turkey Slices 2 Pack,4,each,1,2.49,true,
151,MTF-0029,Longacre Chicken Breast 400g,4,each,2,0.99,true,
152,MTF-0030,Longacre Beef Mince 400g,4,each,1,2.49,true,
153,MTF-0031,Wold Farm Salmon Fillet 400g,4,each,1,1.49,true,
154,MTF-0032,Wold Farm Lamb Chops 500g,4,each,1,2.49,true,
155,MTF-0033,Harbourside Salmon Fillet Smoked,4,each,1,3.49,true,
156,MTF-0034,Harbourside Chicken Breast Smoked,4,each,1,1.99,true,
157,MTF-0035,Wold Farm Cod Fillet 400g,4,each,1,3.95,true,
158,MTF-0036,Harbourside Bacon Value Pack,4,each,1,0.99,true,
159,MTF-0037,Longacre Chicken Breast Value Pack,4,each,4,2.95,true,
160,MTF-0038,Longacre Salmon Fillet 2 Pack #2,4,each,4,0.99,true,
161,MTF-0039,Harbourside Beef Mince Value Pack,4,each,1,4.99,true,
162,MTF-0040,Harbourside Chicken Breast Value Pack,4,each,1,2.99,true,
163,MTF-0041,Harbourside Cod Fillet 2 Pack #2,4,each,1,2.99,true,
164,MTF-0042,Harbourside Cod Fillet 400g #2,4,each,2,0.95,true,
165,MTF-0043,Harbourside Lamb Chops Smoked,4,each,1,2.95,true,
166,MTF-0044,Wold Farm Salmon Fillet Value Pack,4,each,1,1.95,true,
167,MTF-0045,Harbourside Pork Sausages 400g,4,each,2,3.99,true,
168,MTF-0046,Longacre Salmon Fillet 500g,4,each,4,1.49,true,
169,MTF-0047,Wold Farm Salmon Fillet Value Pack #2,4,each,1,1.49,true,
170,MTF-0048,Longacre Lamb Chops 2 Pack #2,4,each,1,5.99,true,
171,FRZ-0001,Polar Row Pizza Family Size,5,each,1,6.95,true,
172,FRZ-0002,Polar Row Oven Chips Sharing,5,each,1,4.99,true,
173,FRZ-0003,Frostgate Yorkshire Puddings Family Size,5,each,1,3.95,true,
174,FRZ-0004,Northwind Mixed Vegetables Value Pack,5,each,4,0.95,true,
175,FRZ-0005,Polar Row Mixed Vegetables Family Size,5,each,1,1.49,true,
176,FRZ-0006,Polar Row Fish Fingers Standard,5,each,1,0.95,true,
177,FRZ-0007,Polar Row Ice Cream 12 Pack,5,each,1,2.49,true,
178,FRZ-0008,Northwind Pizza Value Pack,5,each,2,1.49,true,
179,FRZ-0009,Polar Row Mixed Vegetables Family Size #2,5,each,2,3.49,true,
180,FRZ-0010,Northwind Pizza Value Pack #2,5,each,4,0.95,true,
181,FRZ-0011,Frostgate Pizza Family Size,5,each,2,0.49,true,
182,FRZ-0012,Northwind Pizza Value Pack #3,5,each,1,7.95,true,
183,FRZ-0013,Frostgate Garden Peas Value Pack,5,each,2,2.49,true,
184,FRZ-0014,Northwind Ice Cream Sharing,5,each,1,1.49,true,
185,FRZ-0015,Frostgate Garden Peas 12 Pack,5,each,1,1.95,true,
186,FRZ-0016,Frostgate Ice Cream Sharing,5,each,2,2.49,true,
187,FRZ-0017,Polar Row Oven Chips 12 Pack,5,each,2,0.99,true,
188,FRZ-0018,Northwind Yorkshire Puddings Value Pack,5,each,4,4.49,true,
189,FRZ-0019,Frostgate Oven Chips Sharing,5,each,1,1.95,true,
190,FRZ-0020,Frostgate Mixed Vegetables Family Size,5,each,1,1.99,true,
191,FRZ-0021,Northwind Oven Chips Value Pack,5,each,1,3.95,true,
192,FRZ-0022,Northwind Ice Cream Standard,5,each,1,1.49,true,
193,FRZ-0023,Polar Row Garden Peas Sharing,5,each,1,1.99,true,
194,FRZ-0024,Frostgate Mixed Vegetables Family Size #2,5,each,4,2.95,true,
195,FRZ-0025,Northwind Ice Cream Standard #2,5,each,1,0.95,true,
196,FRZ-0026,Northwind Yorkshire Puddings Family Size,5,each,2,0.99,true,
197,FRZ-0027,Polar Row Pizza 12 Pack,5,each,2,3.49,true,
198,FRZ-0028,Northwind Fish Fingers 12 Pack,5,each,1,1.95,true,
199,FRZ-0029,Polar Row Yorkshire Puddings Family Size,5,each,4,1.99,true,
200,FRZ-0030,Frostgate Mixed Vegetables Standard,5,each,2,3.99,true,
201,FRZ-0031,Northwind Fish Fingers Family Size,5,each,1,3.95,true,
202,FRZ-0032,Northwind Fish Fingers Value Pack,5,each,1,1.49,true,
203,FRZ-0033,Polar Row Fish Fingers Family Size,5,each,1,0.99,true,
204,FRZ-0034,Polar Row Oven Chips Standard,5,each,1,2.99,true,
205,FRZ-0035,Northwind Garden Peas 12 Pack,5,each,4,2.95,true,
206,FRZ-0036,Polar Row Yorkshire Puddings Standard,5,each,2,1.95,true,
207,FRZ-0037,Frostgate Fish Fingers Standard,5,each,2,0.99,true,
208,FRZ-0038,Northwind Mixed Vegetables Family Size,5,each,1,2.95,true,
209,FRZ-0039,Polar Row Ice Cream Family Size,5,each,1,2.95,true,
210,FRZ-0040,Northwind Yorkshire Puddings 12 Pack,5,each,4,0.49,true,
211,FRZ-0041,Frostgate Mixed Vegetables Standard #2,5,each,1,3.49,true,
212,FRZ-0042,Polar Row Pizza 12 Pack #2,5,each,1,1.99,true,
213,FRZ-0043,Frostgate Mixed Vegetables Sharing,5,each,2,1.49,true,
214,FRZ-0044,Frostgate Garden Peas Family Size,5,each,1,2.95,true,
215,FRZ-0045,Polar Row Fish Fingers Sharing,5,each,1,3.49,true,
216,FRZ-0046,Polar Row Ice Cream Value Pack,5,each,1,1.95,true,
217,FRZ-0047,Polar Row Oven Chips 12 Pack #2,5,each,2,1.49,true,
218,FRZ-0048,Polar Row Garden Peas Sharing #2,5,each,1,1.99,true,
219,CUP-0001,Pantry Hill Pasta Standard,6,each,1,1.49,true,
220,CUP-0002,Saltway Pasta Value Pack,6,each,1,2.49,true,
221,CUP-0003,Millstone Basmati Rice Large,6,each,4,1.95,true,
222,CUP-0004,Millstone Pasta Standard,6,each,1,0.95,true,
223,CUP-0005,Millstone Olive Oil Large,6,each,1,0.99,true,
224,CUP-0006,Millstone Chopped Tomatoes Large,6,each,1,0.49,true,
225,CUP-0007,Pantry Hill Chopped Tomatoes Large,6,each,1,2.49,true,
226,CUP-0008,Saltway Tuna Chunks Value Pack,6,each,2,2.99,true,
227,CUP-0009,Pantry Hill Stock Cubes Value Pack,6,each,1,1.99,true,
228,CUP-0010,Millstone Chopped Tomatoes Large #2,6,each,2,2.95,true,
229,CUP-0011,Pantry Hill Tuna Chunks Standard,6,each,2,0.49,true,
230,CUP-0012,Millstone Chopped Tomatoes Standard,6,each,1,1.99,true,
231,CUP-0013,Pantry Hill Baked Beans Multipack,6,each,1,2.49,true,
232,CUP-0014,Pantry Hill Baked Beans Large,6,each,1,1.95,true,
233,CUP-0015,Saltway Stock Cubes Value Pack,6,each,1,1.49,true,
234,CUP-0016,Millstone Chopped Tomatoes 4 Pack,6,each,1,1.99,true,
235,CUP-0017,Pantry Hill Baked Beans Value Pack,6,each,2,0.49,true,
236,CUP-0018,Pantry Hill Pasta Standard #2,6,each,1,1.95,true,
237,CUP-0019,Millstone Stock Cubes Large,6,each,1,1.49,true,
238,CUP-0020,Millstone Olive Oil Value Pack,6,each,1,2.49,true,
239,CUP-0021,Pantry Hill Baked Beans Value Pack #2,6,each,2,1.95,true,
240,CUP-0022,Pantry Hill Tuna Chunks Standard #2,6,each,4,2.99,true,
241,CUP-0023,Millstone Baked Beans 4 Pack,6,each,2,3.49,true,
242,CUP-0024,Pantry Hill Tuna Chunks 4 Pack,6,each,1,1.95,true,
243,CUP-0025,Pantry Hill Stock Cubes Multipack,6,each,1,0.95,true,
244,CUP-0026,Saltway Chopped Tomatoes Multipack,6,each,1,2.95,true,
245,CUP-0027,Saltway Pasta Value Pack #2,6,each,1,1.49,true,
246,CUP-0028,Pantry Hill Basmati Rice Standard,6,each,1,2.95,true,
247,CUP-0029,Pantry Hill Plain Flour 4 Pack,6,each,1,2.95,true,
248,CUP-0030,Pantry Hill Baked Beans 4 Pack,6,each,1,3.49,true,
249,CUP-0031,Pantry Hill Chopped Tomatoes Multipack,6,each,1,2.99,true,
250,CUP-0032,Millstone Olive Oil Standard,6,each,1,3.95,true,
251,CUP-0033,Pantry Hill Olive Oil Multipack,6,each,4,5.99,true,
252,CUP-0034,Pantry Hill Plain Flour Multipack,6,each,2,1.95,true,
253,CUP-0035,Millstone Basmati Rice Value Pack,6,each,1,2.99,true,
254,CUP-0036,Pantry Hill Olive Oil Multipack #2,6,each,1,1.99,true,
255,CUP-0037,Millstone Tuna Chunks Standard,6,each,2,2.99,true,
256,CUP-0038,Saltway Olive Oil Value Pack,6,each,1,2.99,true,
257,CUP-0039,Saltway Olive Oil Multipack,6,each,1,0.95,true,
258,CUP-0040,Millstone Chopped Tomatoes Value Pack,6,each,2,1.49,true,
259,CUP-0041,Millstone Stock Cubes Value Pack,6,each,1,1.49,true,
260,CUP-0042,Saltway Olive Oil Standard,6,each,1,3.99,true,
261,CUP-0043,Pantry Hill Pasta Large,6,each,4,0.99,true,
262,CUP-0044,Pantry Hill Plain Flour Value Pack,6,each,1,4.49,true,
263,CUP-0045,Saltway Tuna Chunks Large,6,each,1,2.99,true,
264,CUP-0046,Millstone Chopped Tomatoes Value Pack #2,6,each,2,2.49,true,
265,CUP-0047,Pantry Hill Chopped Tomatoes Value Pack,6,each,4,5.99,true,
266,CUP-0048,Pantry Hill Pasta 4 Pack,6,each,2,1.95,true,
267,SNK-0001,Bramble & Co Wine Gums 6 Pack,7,each,1,1.99,true,
268,SNK-0002,Tin Box Biscuits 200g,7,each,1,3.95,true,
269,SNK-0003,Crestwood Wine Gums 200g,7,each,4,1.95,true,
270,SNK-0004,Tin Box Milk Chocolate Sharing Bag,7,each,1,1.99,true,
271,SNK-0005,Crestwood Cereal Bars 100g,7,each,2,1.49,true,
272,SNK-0006,Bramble & Co Wine Gums 100g,7,each,1,2.49,true,
273,SNK-0007,Bramble & Co Popcorn Multipack,7,each,1,3.49,true,
274,SNK-0008,Crestwood Wine Gums Sharing Bag,7,each,1,1.99,true,
275,SNK-0009,Crestwood Dark Chocolate Sharing Bag,7,each,4,1.49,true,
276,SNK-0010,Crestwood Wine Gums 100g,7,each,2,1.95,true,
277,SNK-0011,Crestwood Salted Nuts 100g,7,each,1,3.49,true,
278,SNK-0012,Crestwood Salted Nuts 6 Pack,7,each,1,0.95,true,
279,SNK-0013,Tin Box Crisps 100g,7,each,1,1.95,true,
280,SNK-0014,Crestwood Milk Chocolate Multipack,7,each,2,0.99,true,
281,SNK-0015,Bramble & Co Crisps 6 Pack,7,each,1,1.49,true,
282,SNK-0016,Bramble & Co Popcorn 100g,7,each,4,1.95,true,
283,SNK-0017,Crestwood Salted Nuts 100g #2,7,each,1,3.49,true,
284,SNK-0018,Crestwood Dark Chocolate 200g,7,each,1,4.49,true,
285,SNK-0019,Tin Box Salted Nuts 200g,7,each,1,2.95,true,
286,SNK-0020,Tin Box Biscuits 200g #2,7,each,1,3.99,true,
287,SNK-0021,Tin Box Popcorn 6 Pack,7,each,2,2.49,true,
288,SNK-0022,Bramble & Co Dark Chocolate Multipack,7,each,1,2.95,true,
289,SNK-0023,Tin Box Wine Gums Multipack,7,each,4,2.99,true,
290,SNK-0024,Bramble & Co Crisps Sharing Bag,7,each,1,1.49,true,
291,SNK-0025,Tin Box Salted Nuts Sharing Bag,7,each,1,2.99,true,
292,SNK-0026,Crestwood Popcorn 6 Pack,7,each,1,1.99,true,
293,SNK-0027,Bramble & Co Popcorn Multipack #2,7,each,1,2.99,true,
294,SNK-0028,Tin Box Popcorn 100g,7,each,4,2.95,true,
295,SNK-0029,Bramble & Co Milk Chocolate 6 Pack,7,each,1,6.99,true,
296,SNK-0030,Bramble & Co Wine Gums 6 Pack #2,7,each,1,0.99,true,
297,SNK-0031,Tin Box Milk Chocolate Multipack,7,each,1,4.99,true,
298,SNK-0032,Tin Box Salted Nuts Sharing Bag #2,7,each,1,2.95,true,
299,SNK-0033,Crestwood Milk Chocolate Multipack #2,7,each,1,3.99,true,
300,SNK-0034,Crestwood Dark Chocolate Sharing Bag #2,7,each,1,1.49,true,
301,SNK-0035,Tin Box Wine Gums Multipack #2,7,each,1,2.49,true,
302,SNK-0036,Crestwood Milk Chocolate 200g,7,each,1,3.49,true,
303,SNK-0037,Crestwood Popcorn Sharing Bag,7,each,1,1.99,true,
304,SNK-0038,Bramble & Co Cereal Bars Multipack,7,each,1,1.95,true,
305,SNK-0039,Tin Box Popcorn 6 Pack #2,7,each,1,3.49,true,
306,SNK-0040,Tin Box Salted Nuts 200g #2,7,each,4,2.49,true,
307,SNK-0041,Crestwood Biscuits Sharing Bag,7,each,1,0.95,true,
308,SNK-0042,Bramble & Co Wine Gums 200g,7,each,2,1.95,true,
309,SNK-0043,Tin Box Salted Nuts 200g #3,7,each,1,1.49,true,
310,SNK-0044,Tin Box Biscuits Multipack,7,each,1,2.99,true,
311,SNK-0045,Tin Box Biscuits Sharing Bag,7,each,1,0.99,true,
312,SNK-0046,Tin Box Popcorn Sharing Bag,7,each,1,2.49,true,
313,SNK-0047,Tin Box Crisps 6 Pack,7,each,1,3.95,true,
314,SNK-0048,Tin Box Crisps 100g #2,7,each,1,1.95,true,
315,SFT-0001,Bright Hollow Cola 1L,8,each,4,0.99,true,
316,SFT-0002,Fizzworks Cola 6 Pack,8,each,4,1.99,true,
317,SFT-0003,Fizzworks Still Water 1L,8,each,2,1.49,true,
318,SFT-0004,Fizzworks Ginger Beer 12 Pack,8,each,1,2.99,true,
319,SFT-0005,Bright Hollow Lemonade 6 Pack,8,each,2,1.49,true,
320,SFT-0006,Clearspring Cola 330ml,8,each,1,2.95,true,
321,SFT-0007,Bright Hollow Orange Juice 1L,8,each,1,1.99,true,
322,SFT-0008,Bright Hollow Lemonade 1L,8,each,1,1.49,true,
323,SFT-0009,Fizzworks Lemonade 2L,8,each,1,2.95,true,
324,SFT-0010,Bright Hollow Cola 1L #2,8,each,1,3.49,true,
325,SFT-0011,Fizzworks Still Water 330ml,8,each,1,1.95,true,
326,SFT-0012,Bright Hollow Cola 12 Pack,8,each,1,1.49,true,
327,SFT-0013,Fizzworks Orange Juice 330ml,8,each,1,1.49,true,
328,SFT-0014,Bright Hollow Still Water 12 Pack,8,each,1,1.99,true,
329,SFT-0015,Clearspring Orange Juice 2L,8,each,2,0.49,true,
330,SFT-0016,Bright Hollow Ginger Beer 2L,8,each,1,4.49,true,
331,SFT-0017,Clearspring Energy Drink 1L,8,each,2,7.49,true,
332,SFT-0018,Clearspring Ginger Beer 1L,8,each,1,2.95,true,
333,SFT-0019,Bright Hollow Cola 2L,8,each,4,1.99,true,
334,SFT-0020,Bright Hollow Energy Drink 330ml,8,each,1,1.99,true,
335,SFT-0021,Fizzworks Sparkling Water 1L,8,each,4,0.99,true,
336,SFT-0022,Clearspring Sparkling Water 2L,8,each,1,1.95,true,
337,SFT-0023,Bright Hollow Sparkling Water 6 Pack,8,each,1,1.49,true,
338,SFT-0024,Bright Hollow Sparkling Water 1L,8,each,2,0.95,true,
339,SFT-0025,Bright Hollow Energy Drink 6 Pack,8,each,1,1.49,true,
340,SFT-0026,Bright Hollow Iced Tea 12 Pack,8,each,1,1.49,true,
341,HOT-0001,Copperpot Green Tea Refill Pack,9,each,1,2.95,true,
342,HOT-0002,Kiln Street Ground Coffee Refill Pack,9,each,1,7.99,true,
343,HOT-0003,Roastworks Breakfast Tea Large,9,each,4,1.95,true,
344,HOT-0004,Copperpot Breakfast Tea Decaf,9,each,1,1.49,true,
345,HOT-0005,Copperpot Hot Chocolate Rich Roast,9,each,1,1.49,true,
346,HOT-0006,Copperpot Hot Chocolate Decaf,9,each,1,3.49,true,
347,HOT-0007,Roastworks Green Tea Large,9,each,1,2.99,true,
348,HOT-0008,Kiln Street Breakfast Tea Large,9,each,1,1.49,true,
349,HOT-0009,Roastworks Ground Coffee Standard,9,each,1,1.49,true,
350,HOT-0010,Kiln Street Ground Coffee Standard,9,each,1,3.95,true,
351,HOT-0011,Roastworks Instant Coffee Standard,9,each,1,7.95,true,
352,HOT-0012,Kiln Street Breakfast Tea Standard,9,each,1,0.49,true,
353,HOT-0013,Copperpot Coffee Pods Decaf,9,each,1,1.95,true,
354,HOT-0014,Kiln Street Coffee Pods Large,9,each,2,1.95,true,
355,HOT-0015,Copperpot Herbal Infusion Standard,9,each,1,1.99,true,
356,HOT-0016,Kiln Street Instant Coffee Standard,9,each,1,1.95,true,
357,HOT-0017,Kiln Street Hot Chocolate Large,9,each,1,0.49,true,
358,HOT-0018,Roastworks Breakfast Tea Large #2,9,each,4,2.95,true,
359,HOT-0019,Roastworks Green Tea Standard,9,each,4,0.49,true,
360,HOT-0020,Roastworks Ground Coffee Decaf,9,each,1,8.49,true,
361,HOT-0021,Copperpot Coffee Pods Standard,9,each,2,1.95,true,
362,HOT-0022,Copperpot Green Tea Decaf,9,each,4,1.99,true,
363,HOT-0023,Roastworks Hot Chocolate Refill Pack,9,each,1,2.49,true,
364,HOT-0024,Copperpot Breakfast Tea Decaf #2,9,each,4,1.49,true,
365,HOT-0025,Copperpot Instant Coffee Large,9,each,1,2.49,true,
366,HOT-0026,Roastworks Coffee Pods Refill Pack,9,each,2,1.99,true,
367,BWS-0001,Anvil Brook Cider 70cl,10,each,4,2.99,true,
368,BWS-0002,Southfield Pale Ale 750ml,10,each,2,2.49,true,
369,BWS-0003,Cask & Quay Gin Case of 6,10,each,4,0.49,true,
370,BWS-0004,Anvil Brook Prosecco 70cl,10,each,1,1.95,true,
371,BWS-0005,Southfield Lager 4 Pack,10,each,2,1.95,true,
372,BWS-0006,Anvil Brook Cider 500ml,10,each,2,1.99,true,
373,BWS-0007,Cask & Quay Lager Case of 6,10,each,4,3.49,true,
374,BWS-0008,Cask & Quay Pale Ale Case of 6,10,each,1,2.49,true,
375,BWS-0009,Cask & Quay Gin 70cl,10,each,1,1.99,true,
376,BWS-0010,Southfield Whisky 750ml,10,each,1,2.95,true,
377,BWS-0011,Cask & Quay Whisky 70cl,10,each,1,1.49,true,
378,BWS-0012,Southfield Prosecco 750ml,10,each,2,2.95,true,
379,BWS-0013,Southfield Gin Case of 6,10,each,2,2.99,true,
380,BWS-0014,Cask & Quay Gin Case of 6 #2,10,each,2,0.95,true,
381,BWS-0015,Anvil Brook Gin 70cl,10,each,1,1.99,true,
382,BWS-0016,Southfield Pale Ale 500ml,10,each,1,1.99,true,
383,BWS-0017,Cask & Quay Lager 750ml,10,each,2,2.49,true,
384,BWS-0018,Southfield Red Wine 750ml,10,each,4,2.99,true,
385,BWS-0019,Anvil Brook Whisky 750ml,10,each,1,0.95,true,
386,BWS-0020,Cask & Quay Cider Case of 6,10,each,1,1.95,true,
387,BWS-0021,Southfield Lager 750ml,10,each,4,3.49,true,
388,BWS-0022,Southfield Red Wine Case of 6,10,each,1,7.99,true,
389,BWS-0023,Anvil Brook Prosecco 500ml,10,each,1,5.49,true,
390,BWS-0024,Anvil Brook Cider 70cl #2,10,each,1,1.95,true,
391,BWS-0025,Anvil Brook Prosecco Case of 6,10,each,1,0.95,true,
392,BWS-0026,Anvil Brook Lager 4 Pack,10,each,1,0.49,true,
393,CLN-0001,Larkspur Washing-Up Liquid Refill,11,each,1,1.99,true,
394,CLN-0002,Brightwell Bleach Large,11,each,1,1.99,true,
395,CLN-0003,Brightwell Washing-Up Liquid Refill,11,each,1,1.49,true,
396,CLN-0004,Brightwell Floor Cleaner Large,11,each,4,2.49,true,
397,CLN-0005,Keenedge Sponges Large,11,each,2,1.49,true,
398,CLN-0006,Larkspur Washing-Up Liquid Twin Pack,11,each,4,0.95,true,
399,CLN-0007,Larkspur Bleach Twin Pack,11,each,1,1.95,true,
400,CLN-0008,Larkspur Bin Liners Standard,11,each,1,3.99,true,
401,CLN-0009,Larkspur Washing-Up Liquid Value Pack,11,each,1,1.95,true,
402,CLN-0010,Larkspur Floor Cleaner Large,11,each,4,4.49,true,
403,CLN-0011,Larkspur Washing-Up Liquid Refill #2,11,each,1,1.99,true,
404,CLN-0012,Brightwell Surface Spray Refill,11,each,2,1.49,true,
405,CLN-0013,Larkspur Floor Cleaner Value Pack,11,each,1,2.49,true,
406,CLN-0014,Keenedge Surface Spray Twin Pack,11,each,1,2.95,true,
407,CLN-0015,Keenedge Floor Cleaner Refill,11,each,2,2.95,true,
408,CLN-0016,Brightwell Surface Spray Standard,11,each,1,5.49,true,
409,CLN-0017,Larkspur Floor Cleaner Refill,11,each,4,2.95,true,
410,CLN-0018,Brightwell Washing-Up Liquid Value Pack,11,each,2,1.95,true,
411,CLN-0019,Larkspur Bleach Refill,11,each,4,1.49,true,
412,CLN-0020,Brightwell Washing-Up Liquid Refill #2,11,each,2,1.49,true,
413,CLN-0021,Larkspur Surface Spray Standard,11,each,1,2.99,true,
414,CLN-0022,Larkspur Washing-Up Liquid Refill #3,11,each,1,0.49,true,
415,CLN-0023,Larkspur Glass Cleaner Large,11,each,4,1.49,true,
416,CLN-0024,Brightwell Bin Liners Value Pack,11,each,2,1.95,true,
417,CLN-0025,Larkspur Washing-Up Liquid Value Pack #2,11,each,4,3.95,true,
418,CLN-0026,Brightwell Surface Spray Value Pack,11,each,1,4.95,true,
419,LDY-0001,Ashgrove Colour Catchers Twin Pack,12,each,1,0.99,true,
420,LDY-0002,Ashgrove Stain Remover 25 Wash,12,each,1,1.49,true,
421,LDY-0003,Whitlow Dryer Sheets Twin Pack,12,each,1,0.49,true,
422,LDY-0004,Ashgrove Dryer Sheets Twin Pack,12,each,1,7.99,true,
423,LDY-0005,Softline Fabric Softener Large,12,each,1,1.99,true,
424,LDY-0006,Softline Stain Remover Large,12,each,1,2.95,true,
425,LDY-0007,Whitlow Fabric Softener Twin Pack,12,each,1,1.99,true,
426,LDY-0008,Softline Washing Powder 40 Wash,12,each,4,0.49,true,
427,LDY-0009,Ashgrove Stain Remover Large,12,each,1,1.49,true,
428,LDY-0010,Whitlow Colour Catchers Large,12,each,4,3.95,true,
429,LDY-0011,Whitlow Stain Remover Large,12,each,1,2.99,true,
430,LDY-0012,Whitlow Stain Remover 40 Wash,12,each,2,3.49,true,
431,LDY-0013,Softline Laundry Liquid Twin Pack,12,each,2,0.99,true,
432,LDY-0014,Softline Washing Powder Twin Pack,12,each,1,2.99,true,
433,LDY-0015,Softline Dryer Sheets Large,12,each,1,2.99,true,
434,LDY-0016,Whitlow Stain Remover Large #2,12,each,2,2.49,true,
435,LDY-0017,Whitlow Washing Powder 40 Wash,12,each,1,5.49,true,
436,LDY-0018,Softline Colour Catchers Large,12,each,1,0.95,true,
437,LDY-0019,Softline Dryer Sheets 40 Wash,12,each,1,1.49,true,
438,LDY-0020,Whitlow Dryer Sheets 40 Wash,12,each,4,1.99,true,
439,LDY-0021,Whitlow Washing Powder Large,12,each,1,2.95,true,
440,LDY-0022,Ashgrove Stain Remover Twin Pack,12,each,1,3.49,true,
441,LDY-0023,Softline Colour Catchers 25 Wash,12,each,1,1.99,true,
442,LDY-0024,Softline Dryer Sheets Twin Pack,12,each,1,1.95,true,
443,LDY-0025,Softline Colour Catchers 40 Wash,12,each,1,0.99,true,
444,LDY-0026,Ashgrove Colour Catchers Twin Pack #2,12,each,1,2.95,true,
445,PPR-0001,Nettlebed Freezer Bags 30m,13,each,1,2.49,true,
446,PPR-0002,Fold & Co Toilet Tissue 2 Pack,13,each,1,2.95,true,
447,PPR-0003,Quiller Foil 30m,13,each,1,4.99,true,
448,PPR-0004,Quiller Cling Film 50 Bags,13,each,2,1.95,true,
449,PPR-0005,Quiller Foil 9 Roll,13,each,2,2.49,true,
450,PPR-0006,Fold & Co Cling Film 9 Roll,13,each,1,0.99,true,
451,PPR-0007,Quiller Facial Tissues 2 Pack,13,each,1,1.95,true,
452,PPR-0008,Nettlebed Facial Tissues 30m,13,each,4,0.95,true,
453,PPR-0009,Quiller Kitchen Roll 4 Roll,13,each,4,0.49,true,
454,PPR-0010,Fold & Co Cling Film 2 Pack,13,each,1,1.49,true,
455,PPR-0011,Fold & Co Foil 30m,13,each,1,2.95,true,
456,PPR-0012,Quiller Facial Tissues 4 Roll,13,each,1,1.95,true,
457,PPR-0013,Fold & Co Foil 50 Bags,13,each,2,1.95,true,
458,PPR-0014,Quiller Kitchen Roll 2 Pack,13,each,2,1.95,true,
459,PPR-0015,Fold & Co Toilet Tissue 50 Bags,13,each,1,1.49,true,
460,PPR-0016,Nettlebed Facial Tissues 9 Roll,13,each,1,2.49,true,
461,PPR-0017,Fold & Co Foil 50 Bags #2,13,each,1,3.99,true,
462,PPR-0018,Fold & Co Baking Parchment 9 Roll,13,each,1,0.49,true,
463,PPR-0019,Nettlebed Kitchen Roll 9 Roll,13,each,4,5.49,true,
464,PPR-0020,Quiller Baking Parchment 9 Roll,13,each,1,1.99,true,
465,PPR-0021,Nettlebed Toilet Tissue 9 Roll,13,each,4,2.95,true,
466,PPR-0022,Nettlebed Kitchen Roll 2 Pack,13,each,1,3.99,true,
467,PPR-0023,Nettlebed Kitchen Roll 2 Pack #2,13,each,1,3.99,true,
468,PPR-0024,Quiller Foil 4 Roll,13,each,4,0.95,true,
469,PPR-0025,Quiller Toilet Tissue 50 Bags,13,each,1,1.49,true,
470,PPR-0026,Fold & Co Cling Film 30m,13,each,1,0.95,true,
471,HLW-0001,Wellspring Paracetamol 32 Tablets,14,each,1,1.95,true,
472,HLW-0002,Wellspring Paracetamol 32 Tablets #2,14,each,1,6.49,true,
473,HLW-0003,Beacon Lane Vitamin D 16 Tablets,14,each,1,2.95,true,
474,HLW-0004,Wellspring Antacid Tablets 16 Tablets,14,each,1,1.99,true,
475,HLW-0005,Wellspring Ibuprofen 20 Pack,14,each,2,2.99,true,
476,HLW-0006,Beacon Lane Throat Lozenges 32 Tablets,14,each,2,2.95,true,
477,HLW-0007,Thornhill Plasters 32 Tablets,14,each,4,0.99,true,
478,HLW-0008,Thornhill Ibuprofen 16 Tablets,14,each,1,0.99,true,
479,HLW-0009,Thornhill Paracetamol 16 Tablets,14,each,1,2.99,true,
480,HLW-0010,Wellspring Multivitamins 32 Tablets,14,each,4,1.49,true,
481,HLW-0011,Thornhill Vitamin D 16 Tablets,14,each,1,1.49,true,
482,HLW-0012,Beacon Lane Multivitamins 60 Capsules,14,each,1,1.99,true,
483,HLW-0013,Beacon Lane Multivitamins 20 Pack,14,each,4,2.99,true,
484,HLW-0014,Beacon Lane Ibuprofen 60 Capsules,14,each,1,0.99,true,
485,HLW-0015,Beacon Lane Plasters 16 Tablets,14,each,1,1.49,true,
486,HLW-0016,Beacon Lane Plasters 16 Tablets #2,14,each,1,1.99,true,
487,HLW-0017,Beacon Lane Antacid Tablets 60 Capsules,14,each,1,5.99,true,
488,HLW-0018,Beacon Lane Multivitamins 60 Capsules #2,14,each,1,3.95,true,
489,HLW-0019,Beacon Lane Antacid Tablets 16 Tablets,14,each,1,1.49,true,
490,HLW-0020,Thornhill Plasters 16 Tablets,14,each,2,1.99,true,
491,HLW-0021,Wellspring Throat Lozenges 20 Pack,14,each,1,2.49,true,
492,HLW-0022,Wellspring Ibuprofen 16 Tablets,14,each,1,1.99,true,
493,HLW-0023,Thornhill Plasters 16 Tablets #2,14,each,1,2.49,true,
494,HLW-0024,Wellspring Plasters 32 Tablets,14,each,4,2.99,true,
495,HLW-0025,Beacon Lane Vitamin D 60 Capsules,14,each,1,2.49,true,
496,HLW-0026,Thornhill Multivitamins 32 Tablets,14,each,4,1.49,true,
497,PSC-0001,Merrow Moisturiser 75ml,15,each,2,3.95,true,
498,PSC-0002,Silverbirch Deodorant Twin Pack,15,each,1,1.95,true,
499,PSC-0003,Silverbirch Moisturiser 4 Pack,15,each,4,1.95,true,
500,PSC-0004,Silverbirch Shampoo Twin Pack,15,each,1,2.95,true,
501,PSC-0005,Duneside Shampoo 400ml,15,each,2,1.99,true,
502,PSC-0006,Duneside Deodorant 250ml,15,each,2,1.99,true,
503,PSC-0007,Silverbirch Deodorant 4 Pack,15,each,4,0.95,true,
504,PSC-0008,Merrow Hand Wash 4 Pack,15,each,2,1.95,true,
505,PSC-0009,Silverbirch Deodorant 75ml,15,each,1,3.95,true,
506,PSC-0010,Duneside Shower Gel 4 Pack,15,each,1,2.49,true,
507,PSC-0011,Merrow Conditioner Twin Pack,15,each,1,1.99,true,
508,PSC-0012,Merrow Moisturiser 400ml,15,each,2,3.95,true,
509,PSC-0013,Duneside Toothpaste 250ml,15,each,1,2.95,true,
510,PSC-0014,Duneside Razor Blades 75ml,15,each,1,4.99,true,
511,PSC-0015,Duneside Shower Gel 250ml,15,each,1,1.49,true,
512,PSC-0016,Silverbirch Shower Gel Twin Pack,15,each,2,7.95,true,
513,PSC-0017,Merrow Deodorant 250ml,15,each,1,2.49,true,
514,PSC-0018,Silverbirch Razor Blades 400ml,15,each,1,3.99,true,
515,PSC-0019,Silverbirch Hand Wash 400ml,15,each,1,0.99,true,
516,PSC-0020,Merrow Conditioner 75ml,15,each,1,2.95,true,
517,PSC-0021,Silverbirch Conditioner 400ml,15,each,2,4.95,true,
518,PSC-0022,Merrow Deodorant 400ml,15,each,1,2.99,true,
519,PSC-0023,Duneside Hand Wash 4 Pack,15,each,4,1.99,true,
520,PSC-0024,Duneside Moisturiser Twin Pack,15,each,4,3.99,true,
521,PSC-0025,Duneside Shower Gel 250ml #2,15,each,1,1.49,true,
522,PSC-0026,Silverbirch Deodorant 75ml #2,15,each,1,2.95,true,
523,BBY-0001,Wren & Fox Nappy Cream Large,16,each,1,2.49,true,
524,BBY-0002,Wren & Fox Nappy Cream Multipack,16,each,2,1.99,true,
525,BBY-0003,Wren & Fox Infant Formula Large,16,each,1,1.99,true,
526,BBY-0004,Little Harbour Bath Wash Multipack,16,each,1,1.95,true,
527,BBY-0005,Little Harbour Bath Wash Large,16,each,1,1.99,true,
528,BBY-0006,Puddleduck Baby Food Pouch Standard,16,each,1,1.95,true,
529,BBY-0007,Little Harbour Baby Food Pouch Large,16,each,4,4.49,true,
530,BBY-0008,Little Harbour Nappy Cream Sensitive,16,each,1,1.49,true,
531,BBY-0009,Puddleduck Infant Formula Value Pack,16,each,2,3.49,true,
532,BBY-0010,Puddleduck Nappy Cream Large,16,each,1,3.95,true,
533,BBY-0011,Puddleduck Infant Formula Multipack,16,each,1,2.99,true,
534,BBY-0012,Puddleduck Bath Wash Sensitive,16,each,1,2.99,true,
535,BBY-0013,Puddleduck Baby Wipes Standard,16,each,1,1.49,true,
536,BBY-0014,Wren & Fox Infant Formula Value Pack,16,each,1,3.49,true,
537,BBY-0015,Little Harbour Bath Wash Standard,16,each,1,1.49,true,
538,BBY-0016,Little Harbour Baby Wipes Value Pack,16,each,1,4.49,true,
539,BBY-0017,Puddleduck Bath Wash Large,16,each,2,2.49,true,
540,BBY-0018,Little Harbour Baby Wipes Value Pack #2,16,each,1,2.49,true,
541,BBY-0019,Wren & Fox Baby Food Pouch Standard,16,each,2,0.49,true,
542,BBY-0020,Little Harbour Nappies Value Pack,16,each,1,3.99,true,
543,BBY-0021,Little Harbour Infant Formula Large,16,each,4,1.95,true,
544,BBY-0022,Little Harbour Baby Food Pouch Standard,16,each,4,0.99,true,
545,BBY-0023,Little Harbour Bath Wash Multipack #2,16,each,1,1.99,true,
546,BBY-0024,Little Harbour Nappy Cream Sensitive #2,16,each,2,5.49,true,
547,BBY-0025,Puddleduck Baby Wipes Sensitive,16,each,1,2.49,true,
548,BBY-0026,Wren & Fox Nappy Cream Value Pack,16,each,4,2.95,true,
549,PET-0001,Redcollar Puppy Food 12 Pack,17,each,1,3.99,true,
550,PET-0002,Two Paws Dog Treats Multipack,17,each,1,1.95,true,
551,PET-0003,Redcollar Dog Food Value Pack,17,each,1,2.95,true,
552,PET-0004,Redcollar Puppy Food Multipack,17,each,1,1.49,true,
553,PET-0005,Two Paws Dog Treats Value Pack,17,each,4,1.99,true,
554,PET-0006,Redcollar Puppy Food Large,17,each,1,1.99,true,
555,PET-0007,Redcollar Puppy Food 12 Pack #2,17,each,1,1.49,true,
556,PET-0008,Two Paws Puppy Food 12 Pack,17,each,1,2.95,true,
557,PET-0009,Barnfield Dog Treats 12 Pack,17,each,2,2.49,true,
558,PET-0010,Redcollar Dog Treats Large,17,each,1,0.49,true,
559,PET-0011,Redcollar Cat Food Standard,17,each,2,0.99,true,
560,PET-0012,Two Paws Cat Food Multipack,17,each,2,1.95,true,
561,PET-0013,Redcollar Dog Treats Standard,17,each,4,7.95,true,
562,PET-0014,Barnfield Cat Food Multipack,17,each,1,3.99,true,
563,PET-0015,Barnfield Cat Litter Value Pack,17,each,1,2.49,true,
564,PET-0016,Two Paws Dog Treats Large,17,each,2,3.95,true,
565,PET-0017,Redcollar Dog Treats Multipack,17,each,2,4.99,true,
566,PET-0018,Redcollar Cat Litter Value Pack,17,each,1,1.99,true,
567,PET-0019,Redcollar Puppy Food 12 Pack #3,17,each,4,1.49,true,
568,PET-0020,Redcollar Cat Litter 12 Pack,17,each,4,2.95,true,
569,PET-0021,Two Paws Dog Treats 12 Pack,17,each,1,1.49,true,
570,PET-0022,Two Paws Dog Food Value Pack,17,each,2,1.99,true,
571,PET-0023,Barnfield Puppy Food 12 Pack,17,each,2,2.99,true,
572,PET-0024,Two Paws Puppy Food Multipack,17,each,1,0.95,true,
573,PET-0025,Two Paws Dog Food Value Pack #2,17,each,2,1.49,true,
574,PET-0026,Two Paws Puppy Food Multipack #2,17,each,2,2.95,true,
575,SEA-0001,Winterlane Greeting Cards Set of 12,18,each,1,1.95,true,
576,SEA-0002,Winterlane Gift Wrap Single,18,each,1,1.95,true,
577,SEA-0003,Marchmont Candles Pack of 3,18,each,1,2.95,true,
578,SEA-0004,Gilded Pine Greeting Cards Large,18,each,1,0.95,true,
579,SEA-0005,Winterlane Greeting Cards Pack of 3,18,each,2,7.99,true,
580,SEA-0006,Winterlane Candles Pack of 3,18,each,2,1.49,true,
581,SEA-0007,Gilded Pine Greeting Cards Large #2,18,each,1,0.99,true,
582,SEA-0008,Winterlane Greeting Cards Single,18,each,1,1.49,true,
583,SEA-0009,Gilded Pine Gift Wrap Assorted,18,each,4,3.95,true,
584,SEA-0010,Gilded Pine Chocolate Box Single,18,each,1,1.95,true,
585,SEA-0011,Winterlane Chocolate Box Assorted,18,each,1,0.99,true,
586,SEA-0012,Marchmont Fairy Lights Set of 12,18,each,1,3.49,true,
587,SEA-0013,Marchmont Candles Pack of 3 #2,18,each,1,1.49,true,
588,SEA-0014,Gilded Pine Candles Assorted,18,each,2,2.49,true,
589,SEA-0015,Winterlane Gift Bags Single,18,each,4,0.99,true,
590,SEA-0016,Gilded Pine Chocolate Box Single #2,18,each,1,1.95,true,
591,SEA-0017,Gilded Pine Candles Large,18,each,2,0.95,true,
592,SEA-0018,Marchmont Chocolate Box Large,18,each,1,2.49,true,
593,SEA-0019,Gilded Pine Candles Set of 12,18,each,1,1.49,true,
594,SEA-0020,Marchmont Gift Wrap Large,18,each,1,2.95,true,
595,SEA-0021,Winterlane Candles Set of 12,18,each,1,2.95,true,
596,SEA-0022,Winterlane Greeting Cards Pack of 3 #2,18,each,1,2.49,true,
597,SEA-0023,Gilded Pine Crackers Single,18,each,1,3.49,true,
598,SEA-0024,Gilded Pine Crackers Assorted,18,each,1,1.99,true,
599,SEA-0025,Marchmont Greeting Cards Pack of 3,18,each,4,1.49,true,
600,SEA-0026,Winterlane Chocolate Box Single,18,each,2,0.95,true,
