supplier_price_id,supplier_id,product_id,unit_cost,currency,effective_from,effective_to,source,supersedes_id
1,1,1,17.50,INR,2025-05-03,2026-02-01,seed,
2,1,1,18.19,INR,2026-02-01,,seed,1
3,1,2,15.07,INR,2025-06-21,2026-01-31,seed,
4,1,2,16.87,INR,2026-01-31,,seed,3
5,1,3,22.40,INR,2025-02-05,2026-02-14,seed,
6,1,3,23.51,INR,2026-02-14,,seed,5
7,1,4,16.65,INR,2024-11-13,2025-12-05,seed,
8,1,4,17.46,INR,2025-12-05,,seed,7
9,1,5,80.91,INR,2025-01-23,2025-10-14,seed,
10,1,5,91.92,INR,2025-10-14,,seed,9
11,1,6,18.54,INR,2025-06-11,2026-03-22,seed,
12,1,6,20.10,INR,2026-03-22,,seed,11
13,1,7,9.82,INR,2025-05-05,2025-11-19,seed,
14,1,7,10.98,INR,2025-11-19,,seed,13
15,1,8,51.01,INR,2025-09-17,2026-03-24,seed,
16,1,8,56.16,INR,2026-03-24,,seed,15
17,1,9,41.65,INR,2024-12-25,2025-11-20,seed,
18,1,9,43.31,INR,2025-11-20,,seed,17
19,1,10,34.10,INR,2025-04-28,2026-05-11,seed,
20,1,10,36.75,INR,2026-05-11,,seed,19
21,1,11,34.95,INR,2024-09-07,2025-10-06,seed,
22,1,11,39.25,INR,2025-10-06,,seed,21
23,1,12,12.54,INR,2025-10-15,2026-04-28,seed,
24,1,12,13.19,INR,2026-04-28,,seed,23
25,1,13,24.58,INR,2024-12-23,2025-10-01,seed,
26,1,13,25.84,INR,2025-10-01,,seed,25
27,1,14,38.64,INR,2025-03-18,2026-02-11,seed,
28,1,14,43.40,INR,2026-02-11,,seed,27
29,1,15,18.22,INR,2025-05-12,2026-04-04,seed,
30,1,15,19.97,INR,2026-04-04,,seed,29
31,1,16,47.48,INR,2025-03-18,2026-02-21,seed,
32,1,16,50.86,INR,2026-02-21,,seed,31
33,1,17,17.91,INR,2025-09-09,2026-03-03,seed,
34,1,17,19.25,INR,2026-03-03,,seed,33
35,1,18,24.08,INR,2024-10-23,2025-09-18,seed,
36,1,18,25.72,INR,2025-09-18,,seed,35
37,1,19,24.92,INR,2025-03-19,2025-09-05,seed,
38,1,19,26.20,INR,2025-09-05,,seed,37
39,1,20,45.55,INR,2025-04-17,2026-02-16,seed,
40,1,20,49.15,INR,2026-02-16,,seed,39
41,1,21,34.66,INR,2024-12-21,2025-11-27,seed,
42,1,21,37.58,INR,2025-11-27,,seed,41
43,1,22,19.32,INR,2024-11-05,2025-09-16,seed,
44,1,22,21.61,INR,2025-09-16,,seed,43
45,1,23,30.06,INR,2025-11-09,2026-05-12,seed,
46,1,23,33.03,INR,2026-05-12,,seed,45
47,1,24,23.94,INR,2025-06-10,2025-10-23,seed,
48,1,24,27.10,INR,2025-10-23,,seed,47
49,1,25,35.11,INR,2025-04-24,2026-05-19,seed,
50,1,25,39.35,INR,2026-05-19,,seed,49
51,1,26,24.19,INR,2025-05-22,2026-03-23,seed,
52,1,26,26.51,INR,2026-03-23,,seed,51
53,1,27,13.23,INR,2024-12-05,2025-10-09,seed,
54,1,27,14.58,INR,2025-10-09,,seed,53
55,1,28,40.33,INR,2025-11-21,2026-04-13,seed,
56,1,28,41.71,INR,2026-04-13,,seed,55
57,1,29,31.14,INR,2025-02-20,2025-10-24,seed,
58,1,29,34.19,INR,2025-10-24,,seed,57
59,1,30,26.46,INR,2025-02-10,2025-10-20,seed,
60,1,30,29.52,INR,2025-10-20,,seed,59
61,1,31,25.93,INR,2024-08-24,2025-09-09,seed,
62,1,31,28.82,INR,2025-09-09,,seed,61
63,1,32,39.10,INR,2025-01-14,2025-09-16,seed,
64,1,32,40.31,INR,2025-09-16,,seed,63
65,1,33,46.56,INR,2025-08-16,2026-02-28,seed,
66,1,33,49.25,INR,2026-02-28,,seed,65
67,1,34,24.01,INR,2025-10-03,2026-04-07,seed,
68,1,34,26.03,INR,2026-04-07,,seed,67
69,2,35,454.50,INR,2024-09-26,2025-10-15,seed,
70,2,35,499.21,INR,2025-10-15,,seed,69
71,2,36,170.89,INR,2025-11-02,2026-03-19,seed,
72,2,36,187.93,INR,2026-03-19,,seed,71
73,2,37,277.45,INR,2025-11-23,2026-05-22,seed,
74,2,37,304.98,INR,2026-05-22,,seed,73
75,2,38,139.19,INR,2025-07-18,2026-05-10,seed,
76,2,38,153.82,INR,2026-05-10,,seed,75
77,2,39,141.11,INR,2024-12-30,2025-12-01,seed,
78,2,39,156.51,INR,2025-12-01,,seed,77
79,2,40,427.28,INR,2025-05-23,2025-10-30,seed,
80,2,40,463.24,INR,2025-10-30,,seed,79
81,2,41,235.22,INR,2025-08-02,2026-04-29,seed,
82,2,41,263.86,INR,2026-04-29,,seed,81
83,2,42,201.41,INR,2025-10-04,2026-04-19,seed,
84,2,42,217.80,INR,2026-04-19,,seed,83
85,2,43,265.82,INR,2025-02-19,2025-11-06,seed,
86,2,43,293.78,INR,2025-11-06,,seed,85
87,2,44,209.82,INR,2025-05-11,2026-02-18,seed,
88,2,44,218.99,INR,2026-02-18,,seed,87
89,2,45,176.52,INR,2025-08-26,2026-02-22,seed,
90,2,45,199.48,INR,2026-02-22,,seed,89
91,2,46,258.44,INR,2025-06-11,2025-11-12,seed,
92,2,46,291.41,INR,2025-11-12,,seed,91
93,2,47,186.61,INR,2025-10-30,2026-04-18,seed,
94,2,47,210.96,INR,2026-04-18,,seed,93
95,2,48,305.17,INR,2025-03-02,2025-10-01,seed,
96,2,48,322.58,INR,2025-10-01,,seed,95
97,2,49,143.65,INR,2024-08-30,2025-09-17,seed,
98,2,49,160.50,INR,2025-09-17,,seed,97
99,2,50,412.62,INR,2025-08-10,2026-04-22,seed,
100,2,50,468.57,INR,2026-04-22,,seed,99
101,2,51,380.76,INR,2025-11-25,2026-05-15,seed,
102,2,51,432.44,INR,2026-05-15,,seed,101
103,2,52,165.51,INR,2024-12-28,2025-10-20,seed,
104,2,52,177.52,INR,2025-10-20,,seed,103
105,2,53,151.22,INR,2025-04-29,2026-05-22,seed,
106,2,53,165.75,INR,2026-05-22,,seed,105
107,2,54,158.65,INR,2025-02-07,2025-11-26,seed,
108,2,54,174.45,INR,2025-11-26,,seed,107
109,2,55,227.11,INR,2024-11-22,2025-09-06,seed,
110,2,55,237.81,INR,2025-09-06,,seed,109
111,2,56,196.91,INR,2025-11-06,2026-05-24,seed,
112,2,56,203.77,INR,2026-05-24,,seed,111
113,2,57,93.45,INR,2024-10-28,2025-10-31,seed,
114,2,57,102.77,INR,2025-10-31,,seed,113
115,2,58,147.27,INR,2025-05-12,2026-02-27,seed,
116,2,58,162.92,INR,2026-02-27,,seed,115
117,2,59,210.97,INR,2024-10-09,2025-10-02,seed,
118,2,59,231.01,INR,2025-10-02,,seed,117
119,2,60,249.05,INR,2025-10-18,2026-05-18,seed,
120,2,60,271.73,INR,2026-05-18,,seed,119
121,2,61,183.29,INR,2025-10-18,2026-04-14,seed,
122,2,61,203.32,INR,2026-04-14,,seed,121
123,2,62,157.08,INR,2024-12-01,2025-12-10,seed,
124,2,62,167.13,INR,2025-12-10,,seed,123
125,2,63,172.50,INR,2025-06-09,2025-11-19,seed,
126,2,63,179.97,INR,2025-11-19,,seed,125
127,2,64,668.35,INR,2025-08-27,2026-05-21,seed,
128,2,64,705.33,INR,2026-05-21,,seed,127
129,2,65,345.61,INR,2025-08-29,2026-05-17,seed,
130,2,65,386.37,INR,2026-05-17,,seed,129
131,2,66,174.11,INR,2025-09-26,2026-05-17,seed,
132,2,66,197.59,INR,2026-05-17,,seed,131
133,2,67,458.10,INR,2025-02-14,2025-12-05,seed,
134,2,67,510.96,INR,2025-12-05,,seed,133
135,2,68,273.96,INR,2025-06-14,2025-11-15,seed,
136,2,68,310.68,INR,2025-11-15,,seed,135
137,3,69,57.86,INR,2025-05-05,2026-02-03,seed,
138,3,69,64.15,INR,2026-02-03,,seed,137
139,3,70,27.05,INR,2025-01-11,2025-11-07,seed,
140,3,70,30.07,INR,2025-11-07,,seed,139
141,3,71,45.04,INR,2025-10-19,2026-05-08,seed,
142,3,71,47.22,INR,2026-05-08,,seed,141
143,3,72,94.06,INR,2025-04-14,2025-11-19,seed,
144,3,72,103.58,INR,2025-11-19,,seed,143
145,3,73,29.44,INR,2025-06-09,2025-10-13,seed,
146,3,73,32.52,INR,2025-10-13,,seed,145
147,3,74,43.05,INR,2024-09-26,2025-09-26,seed,
148,3,74,45.58,INR,2025-09-26,,seed,147
149,3,75,36.26,INR,2025-04-30,2026-03-04,seed,
150,3,75,39.67,INR,2026-03-04,,seed,149
151,3,76,46.83,INR,2025-05-19,2025-10-11,seed,
152,3,76,51.90,INR,2025-10-11,,seed,151
153,3,77,21.08,INR,2025-04-18,2025-12-17,seed,
154,3,77,23.49,INR,2025-12-17,,seed,153
155,3,78,28.89,INR,2024-12-18,2025-10-10,seed,
156,3,78,32.49,INR,2025-10-10,,seed,155
157,3,79,75.55,INR,2025-05-17,2026-03-04,seed,
158,3,79,78.31,INR,2026-03-04,,seed,157
159,3,80,48.84,INR,2025-07-05,2026-05-16,seed,
160,3,80,54.48,INR,2026-05-16,,seed,159
161,3,81,32.55,INR,2025-03-01,2026-02-08,seed,
162,3,81,35.81,INR,2026-02-08,,seed,161
163,3,82,31.61,INR,2025-04-02,2026-03-30,seed,
164,3,82,33.89,INR,2026-03-30,,seed,163
165,3,83,33.29,INR,2024-10-28,2025-09-27,seed,
166,3,83,35.98,INR,2025-09-27,,seed,165
167,3,84,51.52,INR,2024-12-14,2025-09-21,seed,
168,3,84,53.64,INR,2025-09-21,,seed,167
169,3,85,82.67,INR,2024-11-15,2025-11-25,seed,
170,3,85,92.59,INR,2025-11-25,,seed,169
171,3,86,47.51,INR,2025-10-10,2026-02-09,seed,
172,3,86,50.25,INR,2026-02-09,,seed,171
173,3,87,44.76,INR,2025-07-04,2025-11-08,seed,
174,3,87,48.51,INR,2025-11-08,,seed,173
175,3,88,42.75,INR,2025-04-28,2025-10-30,seed,
176,3,88,48.28,INR,2025-10-30,,seed,175
177,3,89,18.29,INR,2024-12-29,2025-11-11,seed,
178,3,89,19.16,INR,2025-11-11,,seed,177
179,3,90,42.50,INR,2025-06-01,2025-11-16,seed,
180,3,90,46.66,INR,2025-11-16,,seed,179
181,3,91,54.02,INR,2024-12-29,2025-12-07,seed,
182,3,91,55.86,INR,2025-12-07,,seed,181
183,3,92,40.75,INR,2026-01-07,2026-05-09,seed,
184,3,92,44.95,INR,2026-05-09,,seed,183
185,3,93,48.32,INR,2025-09-14,2026-05-13,seed,
186,3,93,53.83,INR,2026-05-13,,seed,185
187,3,94,54.71,INR,2025-01-16,2025-10-18,seed,
188,3,94,59.29,INR,2025-10-18,,seed,187
189,3,95,34.00,INR,2025-09-26,2026-03-07,seed,
190,3,95,37.39,INR,2026-03-07,,seed,189
191,3,96,67.46,INR,2025-04-19,2026-03-21,seed,
192,3,96,70.16,INR,2026-03-21,,seed,191
193,3,97,27.61,INR,2024-12-07,2025-10-20,seed,
194,3,97,31.25,INR,2025-10-20,,seed,193
195,3,98,58.73,INR,2025-07-30,2026-04-25,seed,
196,3,98,64.42,INR,2026-04-25,,seed,195
197,3,99,37.82,INR,2025-11-12,2026-04-27,seed,
198,3,99,39.21,INR,2026-04-27,,seed,197
199,3,100,52.56,INR,2025-08-21,2026-04-11,seed,
200,3,100,56.48,INR,2026-04-11,,seed,199
201,3,101,52.54,INR,2024-10-27,2025-10-16,seed,
202,3,101,55.29,INR,2025-10-16,,seed,201
203,3,102,45.76,INR,2025-05-16,2026-05-02,seed,
204,3,102,48.35,INR,2026-05-02,,seed,203
205,4,103,157.98,INR,2025-09-13,2026-03-26,seed,
206,4,103,177.87,INR,2026-03-26,,seed,205
207,4,104,322.94,INR,2025-07-16,2026-03-09,seed,
208,4,104,358.62,INR,2026-03-09,,seed,207
209,4,105,190.68,INR,2024-11-11,2025-09-22,seed,
210,4,105,204.92,INR,2025-09-22,,seed,209
211,4,106,198.14,INR,2025-08-28,2026-04-11,seed,
212,4,106,204.29,INR,2026-04-11,,seed,211
213,4,107,158.19,INR,2025-08-30,2026-05-06,seed,
214,4,107,163.34,INR,2026-05-06,,seed,213
215,4,108,141.30,INR,2025-05-14,2026-04-18,seed,
216,4,108,160.14,INR,2026-04-18,,seed,215
217,4,109,70.00,INR,2025-06-27,2026-02-12,seed,
218,4,109,75.38,INR,2026-02-12,,seed,217
219,4,110,232.85,INR,2024-10-22,2025-09-07,seed,
220,4,110,255.09,INR,2025-09-07,,seed,219
221,4,111,222.96,INR,2025-06-08,2026-04-02,seed,
222,4,111,245.59,INR,2026-04-02,,seed,221
223,4,112,169.72,INR,2025-04-15,2025-10-30,seed,
224,4,112,181.45,INR,2025-10-30,,seed,223
225,4,113,226.66,INR,2025-05-22,2025-09-24,seed,
226,4,113,252.71,INR,2025-09-24,,seed,225
227,4,114,183.04,INR,2025-12-16,2026-05-18,seed,
228,4,114,196.91,INR,2026-05-18,,seed,227
229,4,115,108.89,INR,2025-09-27,2026-04-15,seed,
230,4,115,121.60,INR,2026-04-15,,seed,229
231,4,116,117.78,INR,2025-10-06,2026-04-04,seed,
232,4,116,132.78,INR,2026-04-04,,seed,231
233,4,117,318.07,INR,2025-10-09,2026-03-13,seed,
234,4,117,357.49,INR,2026-03-13,,seed,233
235,4,118,116.33,INR,2025-07-01,2026-02-06,seed,
236,4,118,124.96,INR,2026-02-06,,seed,235
237,4,119,133.13,INR,2025-09-22,2026-04-24,seed,
238,4,119,141.11,INR,2026-04-24,,seed,237
239,4,120,90.66,INR,2025-09-12,2026-05-15,seed,
240,4,120,97.98,INR,2026-05-15,,seed,239
241,4,121,190.88,INR,2025-04-26,2026-02-26,seed,
242,4,121,207.01,INR,2026-02-26,,seed,241
243,4,122,197.93,INR,2025-12-22,2026-05-04,seed,
244,4,122,222.45,INR,2026-05-04,,seed,243
245,4,123,741.95,INR,2025-08-11,2026-05-06,seed,
246,4,123,786.06,INR,2026-05-06,,seed,245
247,4,124,89.47,INR,2024-10-27,2025-10-28,seed,
248,4,124,92.34,INR,2025-10-28,,seed,247
249,4,125,429.63,INR,2025-08-09,2026-03-19,seed,
250,4,125,470.42,INR,2026-03-19,,seed,249
251,4,126,78.27,INR,2025-01-30,2026-01-29,seed,
252,4,126,84.68,INR,2026-01-29,,seed,251
253,4,127,440.54,INR,2025-07-01,2025-11-24,seed,
254,4,127,494.47,INR,2025-11-24,,seed,253
255,4,128,274.86,INR,2025-08-01,2026-04-05,seed,
256,4,128,291.91,INR,2026-04-05,,seed,255
257,4,129,387.63,INR,2025-05-05,2026-04-28,seed,
258,4,129,421.07,INR,2026-04-28,,seed,257
259,4,130,429.69,INR,2025-05-08,2026-05-06,seed,
260,4,130,446.83,INR,2026-05-06,,seed,259
261,4,131,100.93,INR,2025-09-01,2026-02-26,seed,
262,4,131,104.12,INR,2026-02-26,,seed,261
263,4,132,176.38,INR,2025-10-12,2026-04-23,seed,
264,4,132,199.91,INR,2026-04-23,,seed,263
265,4,133,538.33,INR,2025-02-12,2026-03-04,seed,
266,4,133,582.93,INR,2026-03-04,,seed,265
267,4,134,144.63,INR,2024-09-11,2025-09-16,seed,
268,4,134,163.90,INR,2025-09-16,,seed,267
269,4,135,534.52,INR,2024-10-14,2025-10-02,seed,
270,4,135,564.48,INR,2025-10-02,,seed,269
271,4,136,203.17,INR,2025-08-13,2026-04-28,seed,
272,4,136,215.12,INR,2026-04-28,,seed,271
273,4,137,32.36,INR,2025-01-30,2025-11-23,seed,
274,4,137,36.69,INR,2025-11-23,,seed,273
275,4,138,56.33,INR,2025-12-21,2026-05-15,seed,
276,4,138,63.80,INR,2026-05-15,,seed,275
277,4,139,38.47,INR,2024-11-16,2025-12-20,seed,
278,4,139,43.33,INR,2025-12-20,,seed,277
279,4,140,36.27,INR,2025-05-27,2026-04-24,seed,
280,4,140,38.42,INR,2026-04-24,,seed,279
281,4,141,40.99,INR,2025-03-15,2026-04-14,seed,
282,4,141,42.82,INR,2026-04-14,,seed,281
283,4,142,32.74,INR,2025-08-01,2026-02-26,seed,
284,4,142,34.13,INR,2026-02-26,,seed,283
285,4,143,61.50,INR,2025-07-02,2026-03-06,seed,
286,4,143,63.44,INR,2026-03-06,,seed,285
287,4,144,38.95,INR,2024-12-16,2025-09-28,seed,
288,4,144,42.35,INR,2025-09-28,,seed,287
289,4,145,41.24,INR,2025-08-30,2026-04-13,seed,
290,4,145,46.79,INR,2026-04-13,,seed,289
291,4,146,46.26,INR,2025-10-03,2026-04-07,seed,
292,4,146,48.60,INR,2026-04-07,,seed,291
293,4,147,25.18,INR,2025-04-05,2025-10-18,seed,
294,4,147,27.00,INR,2025-10-18,,seed,293
295,4,148,41.25,INR,2025-02-11,2025-10-29,seed,
296,4,148,46.05,INR,2025-10-29,,seed,295
297,4,149,26.55,INR,2025-04-14,2025-09-15,seed,
298,4,149,27.44,INR,2025-09-15,,seed,297
299,4,150,18.79,INR,2024-12-10,2025-12-04,seed,
300,4,150,20.29,INR,2025-12-04,,seed,299
301,4,151,24.67,INR,2024-12-22,2025-10-05,seed,
302,4,151,25.88,INR,2025-10-05,,seed,301
303,4,152,105.12,INR,2025-01-16,2025-11-30,seed,
304,4,152,108.63,INR,2025-11-30,,seed,303
305,4,153,63.02,INR,2025-01-20,2025-12-10,seed,
306,4,153,68.27,INR,2025-12-10,,seed,305
307,4,154,27.20,INR,2025-04-02,2025-09-16,seed,
308,4,154,28.30,INR,2025-09-16,,seed,307
309,4,155,43.25,INR,2025-10-09,2026-04-03,seed,
310,4,155,48.72,INR,2026-04-03,,seed,309
311,4,156,64.14,INR,2025-12-19,2026-05-21,seed,
312,4,156,72.15,INR,2026-05-21,,seed,311
313,4,157,37.28,INR,2024-12-28,2025-10-29,seed,
314,4,157,41.79,INR,2025-10-29,,seed,313
315,4,158,50.52,INR,2025-10-03,2026-02-19,seed,
316,4,158,53.37,INR,2026-02-19,,seed,315
317,4,159,41.86,INR,2025-06-24,2025-11-13,seed,
318,4,159,45.75,INR,2025-11-13,,seed,317
319,4,160,57.14,INR,2025-09-30,2026-02-25,seed,
320,4,160,64.76,INR,2026-02-25,,seed,319
321,4,161,30.89,INR,2025-10-26,2026-04-11,seed,
322,4,161,34.14,INR,2026-04-11,,seed,321
323,4,162,25.38,INR,2024-11-11,2025-09-30,seed,
324,4,162,28.20,INR,2025-09-30,,seed,323
325,4,163,49.59,INR,2025-06-04,2026-04-03,seed,
326,4,163,53.29,INR,2026-04-03,,seed,325
327,4,164,21.67,INR,2024-12-14,2025-09-23,seed,
328,4,164,24.38,INR,2025-09-23,,seed,327
329,4,165,87.26,INR,2025-08-14,2026-02-16,seed,
330,4,165,97.70,INR,2026-02-16,,seed,329
331,4,166,24.93,INR,2024-11-14,2025-10-19,seed,
332,4,166,25.97,INR,2025-10-19,,seed,331
333,4,167,44.72,INR,2025-07-18,2026-03-26,seed,
334,4,167,48.25,INR,2026-03-26,,seed,333
335,4,168,55.27,INR,2025-03-28,2026-03-14,seed,
336,4,168,59.74,INR,2026-03-14,,seed,335
337,4,169,27.13,INR,2024-11-13,2025-10-01,seed,
338,4,169,28.63,INR,2025-10-01,,seed,337
339,4,170,28.44,INR,2025-08-05,2026-03-22,seed,
340,4,170,31.48,INR,2026-03-22,,seed,339
341,5,171,25.93,INR,2025-10-08,2026-02-13,seed,
342,5,171,29.11,INR,2026-02-13,,seed,341
343,5,172,84.93,INR,2025-07-25,2026-03-24,seed,
344,5,172,87.64,INR,2026-03-24,,seed,343
345,5,173,34.42,INR,2024-10-25,2025-11-06,seed,
346,5,173,36.81,INR,2025-11-06,,seed,345
347,5,174,55.79,INR,2025-04-05,2026-03-19,seed,
348,5,174,58.83,INR,2026-03-19,,seed,347
349,5,175,36.53,INR,2025-05-21,2025-11-19,seed,
350,5,175,39.87,INR,2025-11-19,,seed,349
351,5,176,41.26,INR,2025-07-27,2025-12-18,seed,
352,5,176,46.84,INR,2025-12-18,,seed,351
353,5,177,55.55,INR,2025-05-01,2026-04-29,seed,
354,5,177,61.31,INR,2026-04-29,,seed,353
355,5,178,23.16,INR,2025-06-26,2025-12-04,seed,
356,5,178,25.20,INR,2025-12-04,,seed,355
357,5,179,22.72,INR,2025-10-02,2026-03-15,seed,
358,5,179,24.56,INR,2026-03-15,,seed,357
359,5,180,24.96,INR,2025-05-18,2026-02-10,seed,
360,5,180,27.59,INR,2026-02-10,,seed,359
361,5,181,70.76,INR,2025-07-01,2026-03-11,seed,
362,5,181,79.52,INR,2026-03-11,,seed,361
363,5,182,48.96,INR,2025-07-14,2026-03-02,seed,
364,5,182,52.92,INR,2026-03-02,,seed,363
365,5,183,58.40,INR,2025-08-04,2026-05-24,seed,
366,5,183,63.60,INR,2026-05-24,,seed,365
367,5,184,15.79,INR,2025-02-16,2025-10-28,seed,
368,5,184,16.61,INR,2025-10-28,,seed,367
369,5,185,38.66,INR,2025-07-27,2026-05-20,seed,
370,5,185,41.78,INR,2026-05-20,,seed,369
371,5,186,25.85,INR,2025-11-14,2026-04-19,seed,
372,5,186,27.00,INR,2026-04-19,,seed,371
373,5,187,40.99,INR,2025-08-16,2026-03-01,seed,
374,5,187,44.11,INR,2026-03-01,,seed,373
375,5,188,19.44,INR,2025-07-14,2026-03-29,seed,
376,5,188,20.57,INR,2026-03-29,,seed,375
377,5,189,24.25,INR,2025-08-11,2026-03-13,seed,
378,5,189,25.66,INR,2026-03-13,,seed,377
379,5,190,8.92,INR,2025-01-30,2026-02-01,seed,
380,5,190,10.02,INR,2026-02-01,,seed,379
381,5,191,18.08,INR,2025-01-19,2025-10-20,seed,
382,5,191,19.73,INR,2025-10-20,,seed,381
383,5,192,36.56,INR,2025-08-02,2026-04-23,seed,
384,5,192,37.92,INR,2026-04-23,,seed,383
385,5,193,21.40,INR,2025-09-29,2026-05-17,seed,
386,5,193,23.12,INR,2026-05-17,,seed,385
387,5,194,27.71,INR,2025-02-10,2026-03-16,seed,
388,5,194,31.22,INR,2026-03-16,,seed,387
389,5,195,45.98,INR,2025-04-16,2025-09-16,seed,
390,5,195,48.33,INR,2025-09-16,,seed,389
391,5,196,47.31,INR,2025-07-17,2026-02-22,seed,
392,5,196,50.02,INR,2026-02-22,,seed,391
393,5,197,41.57,INR,2025-07-17,2025-12-23,seed,
394,5,197,46.40,INR,2025-12-23,,seed,393
395,5,198,38.46,INR,2025-03-21,2026-01-28,seed,
396,5,198,42.98,INR,2026-01-28,,seed,395
397,5,199,34.15,INR,2024-12-08,2025-10-08,seed,
398,5,199,35.36,INR,2025-10-08,,seed,397
399,5,200,39.97,INR,2025-08-20,2026-03-17,seed,
400,5,200,42.98,INR,2026-03-17,,seed,399
401,5,201,33.68,INR,2025-09-16,2026-04-18,seed,
402,5,201,36.98,INR,2026-04-18,,seed,401
403,5,202,38.10,INR,2025-09-09,2026-02-06,seed,
404,5,202,40.08,INR,2026-02-06,,seed,403
405,5,203,27.93,INR,2025-02-15,2025-09-16,seed,
406,5,203,30.56,INR,2025-09-16,,seed,405
407,5,204,19.43,INR,2025-02-15,2025-11-11,seed,
408,5,204,20.76,INR,2025-11-11,,seed,407
409,5,205,32.37,INR,2025-10-21,2026-03-29,seed,
410,5,205,35.31,INR,2026-03-29,,seed,409
411,5,206,66.88,INR,2024-12-24,2025-12-02,seed,
412,5,206,73.38,INR,2025-12-02,,seed,411
413,5,207,48.93,INR,2025-06-01,2025-12-18,seed,
414,5,207,50.74,INR,2025-12-18,,seed,413
415,5,208,28.86,INR,2025-02-14,2025-09-17,seed,
416,5,208,31.27,INR,2025-09-17,,seed,415
417,5,209,83.61,INR,2025-01-23,2025-09-10,seed,
418,5,209,86.83,INR,2025-09-10,,seed,417
419,5,210,41.30,INR,2025-05-13,2026-02-15,seed,
420,5,210,43.50,INR,2026-02-15,,seed,419
421,5,211,40.16,INR,2024-12-13,2025-10-23,seed,
422,5,211,41.76,INR,2025-10-23,,seed,421
423,5,212,33.37,INR,2025-10-04,2026-03-25,seed,
424,5,212,35.98,INR,2026-03-25,,seed,423
425,5,213,45.32,INR,2025-01-22,2026-01-28,seed,
426,5,213,50.60,INR,2026-01-28,,seed,425
427,5,214,44.42,INR,2025-03-21,2025-11-03,seed,
428,5,214,48.04,INR,2025-11-03,,seed,427
429,5,215,26.93,INR,2025-06-12,2025-11-12,seed,
430,5,215,28.31,INR,2025-11-12,,seed,429
431,5,216,40.56,INR,2025-05-03,2025-12-08,seed,
432,5,216,42.01,INR,2025-12-08,,seed,431
433,5,217,36.58,INR,2024-11-12,2025-12-02,seed,
434,5,217,38.97,INR,2025-12-02,,seed,433
435,5,218,23.64,INR,2025-03-27,2026-02-27,seed,
436,5,218,24.47,INR,2026-02-27,,seed,435
437,5,219,30.31,INR,2024-11-14,2025-09-09,seed,
438,5,219,32.87,INR,2025-09-09,,seed,437
439,5,220,15.99,INR,2024-10-31,2025-10-09,seed,
440,5,220,17.00,INR,2025-10-09,,seed,439
441,5,221,20.26,INR,2025-06-13,2026-03-29,seed,
442,5,221,22.18,INR,2026-03-29,,seed,441
443,5,222,22.23,INR,2025-04-20,2026-04-14,seed,
444,5,222,25.26,INR,2026-04-14,,seed,443
445,5,223,40.43,INR,2025-01-23,2025-12-04,seed,
446,5,223,45.71,INR,2025-12-04,,seed,445
447,5,224,44.02,INR,2025-11-13,2026-04-03,seed,
448,5,224,46.71,INR,2026-04-03,,seed,447
449,5,225,45.51,INR,2025-09-28,2026-02-10,seed,
450,5,225,47.76,INR,2026-02-10,,seed,449
451,5,226,37.56,INR,2025-03-22,2025-11-02,seed,
452,5,226,40.86,INR,2025-11-02,,seed,451
453,5,227,14.93,INR,2025-08-25,2026-05-15,seed,
454,5,227,16.07,INR,2026-05-15,,seed,453
455,5,228,34.01,INR,2025-05-24,2026-02-24,seed,
456,5,228,35.55,INR,2026-02-24,,seed,455
457,5,229,25.57,INR,2025-04-22,2026-04-10,seed,
458,5,229,28.29,INR,2026-04-10,,seed,457
459,5,230,32.40,INR,2025-01-19,2025-10-16,seed,
460,5,230,34.20,INR,2025-10-16,,seed,459
461,5,231,37.12,INR,2025-06-02,2026-05-07,seed,
462,5,231,40.71,INR,2026-05-07,,seed,461
463,5,232,99.87,INR,2024-10-11,2025-10-07,seed,
464,5,232,105.26,INR,2025-10-07,,seed,463
465,5,233,50.16,INR,2025-07-21,2026-03-22,seed,
466,5,233,56.93,INR,2026-03-22,,seed,465
467,5,234,24.35,INR,2025-07-06,2025-12-08,seed,
468,5,234,27.02,INR,2025-12-08,,seed,467
469,5,235,18.79,INR,2025-04-18,2026-03-30,seed,
470,5,235,20.08,INR,2026-03-30,,seed,469
471,5,236,25.23,INR,2024-11-20,2025-11-16,seed,
472,5,236,26.15,INR,2025-11-16,,seed,471
473,5,237,54.16,INR,2024-10-11,2025-10-20,seed,
474,5,237,56.40,INR,2025-10-20,,seed,473
475,6,238,83.62,INR,2025-03-02,2026-02-08,seed,
476,6,238,90.42,INR,2026-02-08,,seed,475
477,6,239,100.38,INR,2025-02-19,2026-02-06,seed,
478,6,239,105.87,INR,2026-02-06,,seed,477
479,6,240,64.18,INR,2025-12-14,2026-05-12,seed,
480,6,240,72.54,INR,2026-05-12,,seed,479
481,6,241,43.24,INR,2025-10-05,2026-04-12,seed,
482,6,241,47.60,INR,2026-04-12,,seed,481
483,6,242,62.00,INR,2025-02-16,2026-02-09,seed,
484,6,242,64.36,INR,2026-02-09,,seed,483
485,6,243,139.86,INR,2025-10-21,2026-03-31,seed,
486,6,243,155.97,INR,2026-03-31,,seed,485
487,6,244,73.11,INR,2025-12-04,2026-05-11,seed,
488,6,244,80.68,INR,2026-05-11,,seed,487
489,6,245,61.24,INR,2025-06-11,2025-12-01,seed,
490,6,245,67.17,INR,2025-12-01,,seed,489
491,6,246,90.58,INR,2025-07-06,2026-02-08,seed,
492,6,246,94.45,INR,2026-02-08,,seed,491
493,6,247,57.82,INR,2025-10-27,2026-05-17,seed,
494,6,247,59.94,INR,2026-05-17,,seed,493
495,6,248,87.21,INR,2025-07-13,2026-03-21,seed,
496,6,248,94.92,INR,2026-03-21,,seed,495
497,6,249,66.67,INR,2025-02-16,2026-03-11,seed,
498,6,249,72.35,INR,2026-03-11,,seed,497
499,6,250,61.89,INR,2025-05-11,2026-02-27,seed,
500,6,250,69.38,INR,2026-02-27,,seed,499
501,6,251,107.82,INR,2025-12-26,2026-05-21,seed,
502,6,251,121.83,INR,2026-05-21,,seed,501
503,6,252,66.59,INR,2025-08-17,2026-04-15,seed,
504,6,252,71.51,INR,2026-04-15,,seed,503
505,6,253,77.17,INR,2025-09-18,2026-04-25,seed,
506,6,253,85.97,INR,2026-04-25,,seed,505
507,6,254,45.10,INR,2024-11-18,2025-12-11,seed,
508,6,254,47.54,INR,2025-12-11,,seed,507
509,6,255,67.06,INR,2024-10-21,2025-10-23,seed,
510,6,255,70.40,INR,2025-10-23,,seed,509
511,6,256,154.45,INR,2025-06-19,2026-03-02,seed,
512,6,256,162.95,INR,2026-03-02,,seed,511
513,6,257,48.00,INR,2025-05-24,2025-09-21,seed,
514,6,257,51.08,INR,2025-09-21,,seed,513
515,6,258,111.25,INR,2025-02-03,2025-10-10,seed,
516,6,258,119.18,INR,2025-10-10,,seed,515
517,6,259,110.31,INR,2025-12-18,2026-04-21,seed,
518,6,259,113.90,INR,2026-04-21,,seed,517
519,6,260,73.91,INR,2025-08-26,2026-05-01,seed,
520,6,260,79.02,INR,2026-05-01,,seed,519
521,6,261,35.26,INR,2025-03-07,2025-09-25,seed,
522,6,261,39.67,INR,2025-09-25,,seed,521
523,6,262,35.08,INR,2025-11-20,2026-04-10,seed,
524,6,262,39.22,INR,2026-04-10,,seed,523
525,6,263,37.42,INR,2025-03-24,2025-11-15,seed,
526,6,263,41.66,INR,2025-11-15,,seed,525
527,6,264,87.91,INR,2024-11-03,2025-09-18,seed,
528,6,264,99.20,INR,2025-09-18,,seed,527
529,6,265,93.53,INR,2025-10-11,2026-03-16,seed,
530,6,265,103.51,INR,2026-03-16,,seed,529
531,6,266,69.92,INR,2025-09-21,2026-04-13,seed,
532,6,266,76.64,INR,2026-04-13,,seed,531
533,6,267,46.85,INR,2025-05-23,2026-05-02,seed,
534,6,267,52.70,INR,2026-05-02,,seed,533
535,6,268,56.64,INR,2025-11-24,2026-03-25,seed,
536,6,268,63.01,INR,2026-03-25,,seed,535
537,6,269,44.47,INR,2025-10-05,2026-03-18,seed,
538,6,269,46.80,INR,2026-03-18,,seed,537
539,6,270,38.94,INR,2025-03-19,2025-12-01,seed,
540,6,270,43.14,INR,2025-12-01,,seed,539
541,7,271,137.49,INR,2025-03-26,2026-02-08,seed,
542,7,271,148.25,INR,2026-02-08,,seed,541
543,7,272,96.78,INR,2025-09-14,2026-03-16,seed,
544,7,272,104.19,INR,2026-03-16,,seed,543
545,7,273,90.70,INR,2025-04-14,2025-10-03,seed,
546,7,273,97.54,INR,2025-10-03,,seed,545
547,7,274,103.42,INR,2025-05-03,2026-05-12,seed,
548,7,274,109.53,INR,2026-05-12,,seed,547
549,7,275,116.48,INR,2025-03-01,2026-02-09,seed,
550,7,275,128.45,INR,2026-02-09,,seed,549
551,7,276,161.96,INR,2025-10-05,2026-04-13,seed,
552,7,276,174.22,INR,2026-04-13,,seed,551
553,7,277,81.40,INR,2025-04-18,2026-03-23,seed,
554,7,277,87.55,INR,2026-03-23,,seed,553
555,7,278,91.50,INR,2025-08-27,2026-02-01,seed,
556,7,278,99.69,INR,2026-02-01,,seed,555
557,7,279,151.75,INR,2025-01-04,2026-02-06,seed,
558,7,279,169.04,INR,2026-02-06,,seed,557
559,7,280,59.33,INR,2025-05-15,2026-02-20,seed,
560,7,280,64.28,INR,2026-02-20,,seed,559
561,7,281,115.42,INR,2025-01-16,2025-12-22,seed,
562,7,281,125.76,INR,2025-12-22,,seed,561
563,7,282,91.84,INR,2025-11-13,2026-04-08,seed,
564,7,282,103.57,INR,2026-04-08,,seed,563
565,7,283,240.96,INR,2025-10-10,2026-03-03,seed,
566,7,283,252.81,INR,2026-03-03,,seed,565
567,7,284,154.97,INR,2025-06-10,2025-12-16,seed,
568,7,284,175.56,INR,2025-12-16,,seed,567
569,7,285,91.59,INR,2024-09-04,2025-09-21,seed,
570,7,285,98.93,INR,2025-09-21,,seed,569
571,7,286,187.83,INR,2025-04-17,2025-10-28,seed,
572,7,286,193.92,INR,2025-10-28,,seed,571
573,7,287,73.92,INR,2025-08-25,2026-02-21,seed,
574,7,287,77.22,INR,2026-02-21,,seed,573
575,7,288,154.93,INR,2025-09-29,2026-02-17,seed,
576,7,288,161.09,INR,2026-02-17,,seed,575
577,7,289,127.91,INR,2025-01-26,2025-10-21,seed,
578,7,289,139.81,INR,2025-10-21,,seed,577
579,7,290,118.49,INR,2025-12-26,2026-05-10,seed,
580,7,290,124.57,INR,2026-05-10,,seed,579
581,7,291,105.19,INR,2025-03-20,2026-03-30,seed,
582,7,291,109.01,INR,2026-03-30,,seed,581
583,7,292,190.71,INR,2025-07-09,2026-04-08,seed,
584,7,292,213.69,INR,2026-04-08,,seed,583
585,7,293,331.06,INR,2025-06-20,2026-03-08,seed,
586,7,293,368.78,INR,2026-03-08,,seed,585
587,7,294,90.32,INR,2025-08-27,2026-03-11,seed,
588,7,294,99.77,INR,2026-03-11,,seed,587
589,7,295,106.50,INR,2025-03-15,2026-02-01,seed,
590,7,295,117.02,INR,2026-02-01,,seed,589
591,7,296,81.01,INR,2025-03-25,2026-04-15,seed,
592,7,296,90.18,INR,2026-04-15,,seed,591
593,7,297,80.89,INR,2025-06-08,2026-04-05,seed,
594,7,297,90.99,INR,2026-04-05,,seed,593
595,7,298,174.21,INR,2025-06-30,2026-03-23,seed,
596,7,298,197.76,INR,2026-03-23,,seed,595
597,7,299,180.07,INR,2025-12-21,2026-05-11,seed,
598,7,299,190.31,INR,2026-05-11,,seed,597
599,7,300,183.15,INR,2025-04-22,2026-05-23,seed,
600,7,300,190.74,INR,2026-05-23,,seed,599
601,7,301,154.14,INR,2025-08-21,2026-02-28,seed,
602,7,301,174.30,INR,2026-02-28,,seed,601
603,7,302,204.45,INR,2024-11-08,2025-12-12,seed,
604,7,302,214.74,INR,2025-12-12,,seed,603
605,7,303,255.01,INR,2025-07-24,2026-04-01,seed,
606,7,303,267.60,INR,2026-04-01,,seed,605
607,7,304,23.66,INR,2025-09-02,2026-01-28,seed,
608,7,304,26.87,INR,2026-01-28,,seed,607
609,7,305,34.21,INR,2025-04-23,2026-03-10,seed,
610,7,305,37.54,INR,2026-03-10,,seed,609
611,7,306,15.90,INR,2025-11-17,2026-03-18,seed,
612,7,306,17.48,INR,2026-03-18,,seed,611
613,7,307,63.74,INR,2025-12-07,2026-04-16,seed,
614,7,307,66.05,INR,2026-04-16,,seed,613
615,7,308,37.05,INR,2025-05-09,2025-12-13,seed,
616,7,308,41.56,INR,2025-12-13,,seed,615
617,7,309,49.21,INR,2025-10-03,2026-03-07,seed,
618,7,309,51.45,INR,2026-03-07,,seed,617
619,7,310,29.23,INR,2025-02-07,2026-03-04,seed,
620,7,310,33.02,INR,2026-03-04,,seed,619
621,7,311,32.14,INR,2025-03-23,2026-04-09,seed,
622,7,311,34.48,INR,2026-04-09,,seed,621
623,7,312,15.41,INR,2025-07-22,2025-12-13,seed,
624,7,312,17.14,INR,2025-12-13,,seed,623
625,7,313,31.72,INR,2024-12-08,2025-10-22,seed,
626,7,313,34.24,INR,2025-10-22,,seed,625
627,7,314,57.65,INR,2025-11-18,2026-05-19,seed,
628,7,314,60.32,INR,2026-05-19,,seed,627
629,7,315,26.41,INR,2025-09-01,2026-04-11,seed,
630,7,315,27.52,INR,2026-04-11,,seed,629
631,7,316,44.35,INR,2025-03-30,2025-09-29,seed,
632,7,316,49.39,INR,2025-09-29,,seed,631
633,7,317,42.92,INR,2025-04-08,2026-04-13,seed,
634,7,317,48.65,INR,2026-04-13,,seed,633
635,7,318,66.80,INR,2024-10-18,2025-11-17,seed,
636,7,318,71.65,INR,2025-11-17,,seed,635
637,7,319,46.40,INR,2025-06-21,2026-05-15,seed,
638,7,319,49.30,INR,2026-05-15,,seed,637
639,7,320,36.17,INR,2025-06-05,2025-12-23,seed,
640,7,320,37.35,INR,2025-12-23,,seed,639
641,7,321,38.13,INR,2025-02-09,2025-11-06,seed,
642,7,321,41.50,INR,2025-11-06,,seed,641
643,7,322,11.35,INR,2024-12-16,2025-11-18,seed,
644,7,322,12.44,INR,2025-11-18,,seed,643
645,7,323,53.09,INR,2025-05-21,2026-02-05,seed,
646,7,323,59.53,INR,2026-02-05,,seed,645
647,7,324,24.09,INR,2025-08-14,2026-03-15,seed,
648,7,324,26.36,INR,2026-03-15,,seed,647
649,7,325,24.60,INR,2025-01-06,2025-12-18,seed,
650,7,325,25.42,INR,2025-12-18,,seed,649
651,7,326,17.17,INR,2025-02-22,2025-09-10,seed,
652,7,326,19.43,INR,2025-09-10,,seed,651
653,7,327,29.89,INR,2025-07-12,2026-02-20,seed,
654,7,327,32.27,INR,2026-02-20,,seed,653
655,7,328,82.50,INR,2025-06-19,2026-03-18,seed,
656,7,328,91.69,INR,2026-03-18,,seed,655
657,7,329,40.67,INR,2025-09-08,2026-05-18,seed,
658,7,329,43.95,INR,2026-05-18,,seed,657
659,7,330,76.64,INR,2025-04-21,2026-02-15,seed,
660,7,330,84.58,INR,2026-02-15,,seed,659
661,7,331,14.61,INR,2025-10-29,2026-05-22,seed,
662,7,331,15.99,INR,2026-05-22,,seed,661
663,7,332,38.57,INR,2025-07-06,2026-02-21,seed,
664,7,332,42.49,INR,2026-02-21,,seed,663
665,7,333,53.76,INR,2024-11-12,2025-12-04,seed,
666,7,333,55.53,INR,2025-12-04,,seed,665
667,7,334,26.64,INR,2025-05-22,2026-02-08,seed,
668,7,334,28.68,INR,2026-02-08,,seed,667
669,7,335,14.01,INR,2025-07-27,2026-03-18,seed,
670,7,335,15.78,INR,2026-03-18,,seed,669
671,7,336,109.04,INR,2025-06-16,2025-12-18,seed,
672,7,336,114.09,INR,2025-12-18,,seed,671
673,8,337,92.95,INR,2024-10-12,2025-10-10,seed,
674,8,337,103.09,INR,2025-10-10,,seed,673
675,8,338,129.15,INR,2025-05-09,2025-09-27,seed,
676,8,338,138.34,INR,2025-09-27,,seed,675
677,8,339,101.06,INR,2024-12-26,2025-09-05,seed,
678,8,339,105.28,INR,2025-09-05,,seed,677
679,8,340,133.05,INR,2025-12-06,2026-05-13,seed,
680,8,340,148.97,INR,2026-05-13,,seed,679
681,8,341,145.36,INR,2025-05-19,2026-02-22,seed,
682,8,341,154.15,INR,2026-02-22,,seed,681
683,8,342,66.53,INR,2025-03-26,2026-03-14,seed,
684,8,342,73.12,INR,2026-03-14,,seed,683
685,8,343,158.35,INR,2025-11-07,2026-04-09,seed,
686,8,343,177.42,INR,2026-04-09,,seed,685
687,8,344,60.81,INR,2025-10-01,2026-03-27,seed,
688,8,344,65.04,INR,2026-03-27,,seed,687
689,8,345,153.25,INR,2025-04-01,2025-10-03,seed,
690,8,345,173.88,INR,2025-10-03,,seed,689
691,8,346,135.26,INR,2025-09-14,2026-04-22,seed,
692,8,346,142.28,INR,2026-04-22,,seed,691
693,8,347,157.43,INR,2024-12-28,2025-10-04,seed,
694,8,347,177.62,INR,2025-10-04,,seed,693
695,8,348,88.67,INR,2025-07-18,2026-05-09,seed,
696,8,348,99.12,INR,2026-05-09,,seed,695
697,8,349,91.24,INR,2025-01-01,2025-11-11,seed,
698,8,349,103.32,INR,2025-11-11,,seed,697
699,8,350,119.73,INR,2025-08-13,2026-03-12,seed,
700,8,350,135.08,INR,2026-03-12,,seed,699
701,8,351,58.34,INR,2025-03-16,2025-11-02,seed,
702,8,351,66.16,INR,2025-11-02,,seed,701
703,8,352,127.79,INR,2025-03-23,2026-03-12,seed,
704,8,352,131.89,INR,2026-03-12,,seed,703
705,8,353,122.49,INR,2025-07-02,2025-11-12,seed,
706,8,353,128.46,INR,2025-11-12,,seed,705
707,8,354,173.70,INR,2024-11-18,2025-10-30,seed,
708,8,354,188.46,INR,2025-10-30,,seed,707
709,8,355,112.04,INR,2024-11-22,2025-10-26,seed,
710,8,355,124.26,INR,2025-10-26,,seed,709
711,8,356,83.84,INR,2025-11-23,2026-04-02,seed,
712,8,356,95.10,INR,2026-04-02,,seed,711
713,8,357,126.35,INR,2025-03-25,2026-03-10,seed,
714,8,357,142.09,INR,2026-03-10,,seed,713
715,8,358,86.35,INR,2024-10-19,2025-10-01,seed,
716,8,358,90.00,INR,2025-10-01,,seed,715
717,8,359,122.94,INR,2025-10-30,2026-03-19,seed,
718,8,359,132.53,INR,2026-03-19,,seed,717
719,8,360,63.03,INR,2025-05-21,2025-11-22,seed,
720,8,360,71.03,INR,2025-11-22,,seed,719
721,8,361,194.65,INR,2025-11-03,2026-05-04,seed,
722,8,361,208.47,INR,2026-05-04,,seed,721
723,8,362,73.58,INR,2025-04-17,2026-04-07,seed,
724,8,362,81.28,INR,2026-04-07,,seed,723
725,8,363,103.83,INR,2025-11-22,2026-04-20,seed,
726,8,363,108.42,INR,2026-04-20,,seed,725
727,8,364,104.78,INR,2025-04-14,2026-05-13,seed,
728,8,364,114.44,INR,2026-05-13,,seed,727
729,8,365,349.01,INR,2025-11-13,2026-04-27,seed,
730,8,365,390.49,INR,2026-04-27,,seed,729
731,8,366,90.73,INR,2025-03-15,2025-10-24,seed,
732,8,366,96.06,INR,2025-10-24,,seed,731
733,8,367,150.08,INR,2025-11-13,2026-04-17,seed,
734,8,367,161.16,INR,2026-04-17,,seed,733
735,8,368,195.91,INR,2025-02-01,2025-09-10,seed,
736,8,368,203.41,INR,2025-09-10,,seed,735
737,8,369,263.93,INR,2025-05-27,2025-12-10,seed,
738,8,369,291.77,INR,2025-12-10,,seed,737
739,9,370,66.78,INR,2025-07-13,2026-04-23,seed,
740,9,370,75.36,INR,2026-04-23,,seed,739
741,9,371,118.05,INR,2025-06-09,2026-04-26,seed,
742,9,371,128.28,INR,2026-04-26,,seed,741
743,9,372,55.59,INR,2025-03-17,2025-12-06,seed,
744,9,372,57.76,INR,2025-12-06,,seed,743
745,9,373,138.87,INR,2025-06-22,2026-04-19,seed,
746,9,373,144.28,INR,2026-04-19,,seed,745
747,9,374,36.19,INR,2025-07-02,2026-03-01,seed,
748,9,374,38.84,INR,2026-03-01,,seed,747
749,9,375,116.01,INR,2025-11-30,2026-04-25,seed,
750,9,375,128.67,INR,2026-04-25,,seed,749
751,9,376,62.27,INR,2025-11-04,2026-04-14,seed,
752,9,376,70.22,INR,2026-04-14,,seed,751
753,9,377,88.97,INR,2025-03-07,2025-10-12,seed,
754,9,377,97.49,INR,2025-10-12,,seed,753
755,9,378,28.87,INR,2024-12-07,2025-09-26,seed,
756,9,378,30.08,INR,2025-09-26,,seed,755
757,9,379,86.59,INR,2025-02-24,2026-02-19,seed,
758,9,379,91.53,INR,2026-02-19,,seed,757
759,9,380,59.85,INR,2024-11-06,2025-09-25,seed,
760,9,380,63.50,INR,2025-09-25,,seed,759
761,9,381,64.72,INR,2025-05-05,2025-11-30,seed,
762,9,381,68.50,INR,2025-11-30,,seed,761
763,9,382,49.22,INR,2025-12-10,2026-05-09,seed,
764,9,382,54.86,INR,2026-05-09,,seed,763
765,9,383,92.34,INR,2025-07-13,2025-11-29,seed,
766,9,383,103.84,INR,2025-11-29,,seed,765
767,9,384,50.86,INR,2025-07-20,2025-12-01,seed,
768,9,384,55.69,INR,2025-12-01,,seed,767
769,9,385,30.44,INR,2025-07-07,2025-11-24,seed,
770,9,385,31.62,INR,2025-11-24,,seed,769
771,9,386,88.25,INR,2025-08-09,2026-04-01,seed,
772,9,386,91.72,INR,2026-04-01,,seed,771
773,9,387,60.52,INR,2025-08-01,2026-05-17,seed,
774,9,387,67.52,INR,2026-05-17,,seed,773
775,9,388,133.66,INR,2025-07-28,2026-03-19,seed,
776,9,388,148.86,INR,2026-03-19,,seed,775
777,9,389,42.54,INR,2025-05-31,2025-11-18,seed,
778,9,389,43.88,INR,2025-11-18,,seed,777
779,9,390,72.39,INR,2024-11-15,2025-12-17,seed,
780,9,390,76.54,INR,2025-12-17,,seed,779
781,9,391,54.02,INR,2025-02-10,2025-11-19,seed,
782,9,391,56.21,INR,2025-11-19,,seed,781
783,9,392,76.26,INR,2025-03-26,2025-11-19,seed,
784,9,392,86.54,INR,2025-11-19,,seed,783
785,9,393,37.90,INR,2025-05-04,2026-04-09,seed,
786,9,393,40.12,INR,2026-04-09,,seed,785
787,9,394,113.98,INR,2025-03-08,2026-02-26,seed,
788,9,394,120.41,INR,2026-02-26,,seed,787
789,9,395,71.53,INR,2025-07-21,2026-04-22,seed,
790,9,395,80.48,INR,2026-04-22,,seed,789
791,9,396,89.87,INR,2025-10-09,2026-05-15,seed,
792,9,396,100.05,INR,2026-05-15,,seed,791
793,9,397,31.55,INR,2025-07-09,2026-04-24,seed,
794,9,397,35.36,INR,2026-04-24,,seed,793
795,9,398,76.98,INR,2025-03-05,2026-04-06,seed,
796,9,398,79.94,INR,2026-04-06,,seed,795
797,9,399,68.87,INR,2025-02-01,2026-02-04,seed,
798,9,399,74.98,INR,2026-02-04,,seed,797
799,9,400,103.61,INR,2024-08-23,2025-09-17,seed,
800,9,400,109.60,INR,2025-09-17,,seed,799
801,9,401,58.07,INR,2025-07-23,2026-04-09,seed,
802,9,401,60.00,INR,2026-04-09,,seed,801
803,9,402,83.17,INR,2025-05-05,2025-09-17,seed,
804,9,402,88.84,INR,2025-09-17,,seed,803
805,9,403,86.19,INR,2025-06-11,2026-03-13,seed,
806,9,403,91.18,INR,2026-03-13,,seed,805
807,9,404,88.68,INR,2025-11-27,2026-05-21,seed,
808,9,404,94.71,INR,2026-05-21,,seed,807
809,9,405,134.51,INR,2025-04-22,2026-04-20,seed,
810,9,405,146.38,INR,2026-04-20,,seed,809
811,9,406,47.52,INR,2025-03-12,2025-11-20,seed,
812,9,406,51.67,INR,2025-11-20,,seed,811
813,9,407,62.99,INR,2025-04-15,2025-12-06,seed,
814,9,407,66.55,INR,2025-12-06,,seed,813
815,9,408,124.80,INR,2025-05-25,2025-10-26,seed,
816,9,408,139.42,INR,2025-10-26,,seed,815
817,9,409,102.58,INR,2024-12-31,2025-11-05,seed,
818,9,409,109.26,INR,2025-11-05,,seed,817
819,9,410,82.68,INR,2025-08-04,2026-05-11,seed,
820,9,410,90.96,INR,2026-05-11,,seed,819
821,9,411,64.08,INR,2025-05-25,2026-04-24,seed,
822,9,411,70.92,INR,2026-04-24,,seed,821
823,9,412,122.94,INR,2025-08-16,2026-05-06,seed,
824,9,412,133.58,INR,2026-05-06,,seed,823
825,9,413,92.73,INR,2025-05-29,2025-11-23,seed,
826,9,413,105.27,INR,2025-11-23,,seed,825
827,9,414,149.79,INR,2024-10-30,2025-10-21,seed,
828,9,414,159.44,INR,2025-10-21,,seed,827
829,9,415,178.10,INR,2025-11-23,2026-04-27,seed,
830,9,415,187.95,INR,2026-04-27,,seed,829
831,9,416,94.11,INR,2025-07-18,2025-11-25,seed,
832,9,416,101.44,INR,2025-11-25,,seed,831
833,9,417,172.31,INR,2025-07-02,2026-02-14,seed,
834,9,417,189.13,INR,2026-02-14,,seed,833
835,9,418,101.74,INR,2025-09-16,2026-05-03,seed,
836,9,418,109.77,INR,2026-05-03,,seed,835
837,9,419,97.84,INR,2025-05-15,2025-10-20,seed,
838,9,419,102.05,INR,2025-10-20,,seed,837
839,9,420,47.57,INR,2025-04-24,2025-11-28,seed,
840,9,420,50.50,INR,2025-11-28,,seed,839
841,9,421,236.63,INR,2025-04-21,2026-04-21,seed,
842,9,421,265.96,INR,2026-04-21,,seed,841
843,9,422,96.88,INR,2025-12-02,2026-05-19,seed,
844,9,422,108.09,INR,2026-05-19,,seed,843
845,9,423,110.53,INR,2025-06-06,2025-11-22,seed,
846,9,423,124.01,INR,2025-11-22,,seed,845
847,9,424,101.50,INR,2025-10-04,2026-04-29,seed,
848,9,424,111.63,INR,2026-04-29,,seed,847
849,9,425,73.97,INR,2024-09-13,2025-09-06,seed,
850,9,425,78.64,INR,2025-09-06,,seed,849
851,9,426,70.18,INR,2024-11-18,2025-11-16,seed,
852,9,426,78.03,INR,2025-11-16,,seed,851
853,9,427,103.51,INR,2025-10-20,2026-05-10,seed,
854,9,427,117.35,INR,2026-05-10,,seed,853
855,9,428,63.50,INR,2025-11-01,2026-05-06,seed,
856,9,428,68.35,INR,2026-05-06,,seed,855
857,9,429,268.74,INR,2024-11-15,2025-10-26,seed,
858,9,429,299.56,INR,2025-10-26,,seed,857
859,9,430,175.20,INR,2025-06-08,2026-02-04,seed,
860,9,430,182.98,INR,2026-02-04,,seed,859
861,9,431,76.80,INR,2025-10-14,2026-02-23,seed,
862,9,431,81.59,INR,2026-02-23,,seed,861
863,9,432,143.37,INR,2025-08-21,2026-03-24,seed,
864,9,432,152.74,INR,2026-03-24,,seed,863
865,9,433,172.78,INR,2025-10-12,2026-05-03,seed,
866,9,433,181.32,INR,2026-05-03,,seed,865
867,9,434,90.69,INR,2025-01-10,2026-02-02,seed,
868,9,434,98.07,INR,2026-02-02,,seed,867
869,9,435,83.77,INR,2025-07-23,2026-05-18,seed,
870,9,435,95.17,INR,2026-05-18,,seed,869
871,10,436,39.91,INR,2025-03-14,2025-09-26,seed,
872,10,436,43.61,INR,2025-09-26,,seed,871
873,10,437,73.79,INR,2025-12-07,2026-04-07,seed,
874,10,437,79.71,INR,2026-04-07,,seed,873
875,10,438,31.25,INR,2025-04-05,2025-11-15,seed,
876,10,438,34.94,INR,2025-11-15,,seed,875
877,10,439,158.08,INR,2024-08-07,2025-09-07,seed,
878,10,439,168.00,INR,2025-09-07,,seed,877
879,10,440,112.30,INR,2025-03-21,2025-11-14,seed,
880,10,440,118.91,INR,2025-11-14,,seed,879
881,10,441,117.95,INR,2025-02-12,2026-02-04,seed,
882,10,441,127.82,INR,2026-02-04,,seed,881
883,10,442,40.55,INR,2025-01-03,2025-10-17,seed,
884,10,442,42.26,INR,2025-10-17,,seed,883
885,10,443,90.48,INR,2025-03-03,2026-03-21,seed,
886,10,443,101.39,INR,2026-03-21,,seed,885
887,10,444,30.93,INR,2025-10-14,2026-05-08,seed,
888,10,444,33.77,INR,2026-05-08,,seed,887
889,10,445,78.36,INR,2025-01-29,2025-12-16,seed,
890,10,445,81.86,INR,2025-12-16,,seed,889
891,10,446,29.65,INR,2025-07-23,2025-12-03,seed,
892,10,446,32.52,INR,2025-12-03,,seed,891
893,10,447,66.30,INR,2025-07-17,2026-03-17,seed,
894,10,447,73.51,INR,2026-03-17,,seed,893
895,10,448,32.33,INR,2025-03-10,2026-04-08,seed,
896,10,448,34.04,INR,2026-04-08,,seed,895
897,10,449,104.19,INR,2025-07-02,2026-05-04,seed,
898,10,449,113.04,INR,2026-05-04,,seed,897
899,10,450,159.64,INR,2025-01-08,2025-10-10,seed,
900,10,450,166.44,INR,2025-10-10,,seed,899
901,10,451,63.77,INR,2025-11-23,2026-04-23,seed,
902,10,451,68.57,INR,2026-04-23,,seed,901
903,10,452,43.56,INR,2025-01-14,2025-10-02,seed,
904,10,452,46.72,INR,2025-10-02,,seed,903
905,10,453,67.64,INR,2025-02-10,2026-02-13,seed,
906,10,453,71.69,INR,2026-02-13,,seed,905
907,10,454,147.57,INR,2025-05-12,2025-12-15,seed,
908,10,454,154.06,INR,2025-12-15,,seed,907
909,10,455,78.58,INR,2025-04-06,2025-09-21,seed,
910,10,455,84.00,INR,2025-09-21,,seed,909
911,10,456,71.46,INR,2025-07-27,2026-04-03,seed,
912,10,456,80.44,INR,2026-04-03,,seed,911
913,10,457,64.92,INR,2025-10-04,2026-03-27,seed,
914,10,457,72.47,INR,2026-03-27,,seed,913
915,10,458,101.32,INR,2025-05-14,2026-04-26,seed,
916,10,458,104.82,INR,2026-04-26,,seed,915
917,10,459,63.05,INR,2025-10-24,2026-03-04,seed,
918,10,459,65.95,INR,2026-03-04,,seed,917
919,10,460,53.72,INR,2025-02-20,2026-02-10,seed,
920,10,460,60.71,INR,2026-02-10,,seed,919
921,10,461,71.82,INR,2025-05-07,2026-04-05,seed,
922,10,461,80.02,INR,2026-04-05,,seed,921
923,10,462,58.41,INR,2025-08-10,2026-02-11,seed,
924,10,462,66.07,INR,2026-02-11,,seed,923
925,10,463,116.84,INR,2025-06-26,2026-05-01,seed,
926,10,463,125.38,INR,2026-05-01,,seed,925
927,10,464,139.50,INR,2025-03-08,2026-03-14,seed,
928,10,464,144.68,INR,2026-03-14,,seed,927
929,10,465,40.50,INR,2025-01-29,2025-11-11,seed,
930,10,465,43.02,INR,2025-11-11,,seed,929
931,10,466,103.99,INR,2025-08-13,2026-04-11,seed,
932,10,466,112.27,INR,2026-04-11,,seed,931
933,10,467,50.71,INR,2025-04-20,2026-02-22,seed,
934,10,467,52.92,INR,2026-02-22,,seed,933
935,10,468,71.43,INR,2025-12-21,2026-05-10,seed,
936,10,468,78.00,INR,2026-05-10,,seed,935
937,11,469,41.23,INR,2025-02-28,2025-10-30,seed,
938,11,469,43.84,INR,2025-10-30,,seed,937
939,11,470,138.68,INR,2025-04-19,2026-02-23,seed,
940,11,470,155.29,INR,2026-02-23,,seed,939
941,11,471,73.45,INR,2025-02-19,2025-09-09,seed,
942,11,471,77.12,INR,2025-09-09,,seed,941
943,11,472,122.63,INR,2025-04-19,2026-02-17,seed,
944,11,472,132.89,INR,2026-02-17,,seed,943
945,11,473,56.74,INR,2025-06-03,2026-02-21,seed,
946,11,473,61.89,INR,2026-02-21,,seed,945
947,11,474,62.11,INR,2025-10-26,2026-03-02,seed,
948,11,474,69.52,INR,2026-03-02,,seed,947
949,11,475,46.28,INR,2025-08-06,2026-03-22,seed,
950,11,475,49.47,INR,2026-03-22,,seed,949
951,11,476,99.32,INR,2025-06-25,2026-05-07,seed,
952,11,476,107.26,INR,2026-05-07,,seed,951
953,11,477,53.47,INR,2025-04-24,2026-03-15,seed,
954,11,477,59.76,INR,2026-03-15,,seed,953
955,11,478,59.54,INR,2025-05-29,2026-05-12,seed,
956,11,478,66.00,INR,2026-05-12,,seed,955
957,11,479,113.90,INR,2025-03-16,2025-09-24,seed,
958,11,479,120.30,INR,2025-09-24,,seed,957
959,11,480,184.75,INR,2025-04-29,2025-09-30,seed,
960,11,480,197.17,INR,2025-09-30,,seed,959
961,11,481,94.41,INR,2025-03-20,2026-02-09,seed,
962,11,481,98.28,INR,2026-02-09,,seed,961
963,11,482,82.61,INR,2025-11-08,2026-05-18,seed,
964,11,482,87.66,INR,2026-05-18,,seed,963
965,11,483,41.95,INR,2025-09-23,2026-03-15,seed,
966,11,483,46.96,INR,2026-03-15,,seed,965
967,11,484,96.85,INR,2025-04-05,2025-12-22,seed,
968,11,484,103.13,INR,2025-12-22,,seed,967
969,11,485,48.34,INR,2025-05-18,2026-02-19,seed,
970,11,485,52.14,INR,2026-02-19,,seed,969
971,11,486,43.05,INR,2025-03-25,2026-03-14,seed,
972,11,486,48.03,INR,2026-03-14,,seed,971
973,11,487,44.20,INR,2025-04-19,2026-04-29,seed,
974,11,487,46.26,INR,2026-04-29,,seed,973
975,11,488,101.01,INR,2025-05-02,2026-02-11,seed,
976,11,488,106.80,INR,2026-02-11,,seed,975
977,11,489,71.54,INR,2025-08-15,2026-05-06,seed,
978,11,489,75.24,INR,2026-05-06,,seed,977
979,11,490,107.30,INR,2025-08-13,2026-01-29,seed,
980,11,490,118.21,INR,2026-01-29,,seed,979
981,11,491,99.23,INR,2025-06-16,2026-05-08,seed,
982,11,491,105.63,INR,2026-05-08,,seed,981
983,11,492,125.35,INR,2025-04-27,2026-05-07,seed,
984,11,492,137.89,INR,2026-05-07,,seed,983
985,11,493,52.09,INR,2025-09-08,2026-04-12,seed,
986,11,493,57.13,INR,2026-04-12,,seed,985
987,11,494,92.14,INR,2025-12-09,2026-04-20,seed,
988,11,494,96.52,INR,2026-04-20,,seed,987
989,11,495,62.46,INR,2026-01-07,2026-05-11,seed,
990,11,495,67.77,INR,2026-05-11,,seed,989
991,11,496,51.67,INR,2025-06-17,2026-03-28,seed,
992,11,496,53.48,INR,2026-03-28,,seed,991
993,11,497,45.40,INR,2025-06-14,2026-05-12,seed,
994,11,497,48.24,INR,2026-05-12,,seed,993
995,11,498,50.51,INR,2025-04-07,2025-12-10,seed,
996,11,498,56.08,INR,2025-12-10,,seed,995
997,11,499,145.94,INR,2025-05-06,2026-02-02,seed,
998,11,499,150.82,INR,2026-02-02,,seed,997
999,11,500,112.07,INR,2025-06-06,2026-05-01,seed,
1000,11,500,119.26,INR,2026-05-01,,seed,999
1001,11,501,82.81,INR,2025-06-02,2026-03-15,seed,
1002,11,501,91.11,INR,2026-03-15,,seed,1001
1003,11,502,143.78,INR,2024-10-06,2025-10-07,seed,
1004,11,502,155.18,INR,2025-10-07,,seed,1003
1005,11,503,71.95,INR,2025-06-27,2025-11-10,seed,
1006,11,503,76.28,INR,2025-11-10,,seed,1005
1007,11,504,59.22,INR,2025-05-06,2025-09-11,seed,
1008,11,504,63.73,INR,2025-09-11,,seed,1007
1009,11,505,126.59,INR,2025-09-01,2026-04-16,seed,
1010,11,505,134.49,INR,2026-04-16,,seed,1009
1011,11,506,88.12,INR,2024-12-12,2025-10-09,seed,
1012,11,506,93.92,INR,2025-10-09,,seed,1011
1013,11,507,69.86,INR,2024-09-21,2025-09-20,seed,
1014,11,507,73.73,INR,2025-09-20,,seed,1013
1015,11,508,185.96,INR,2024-09-19,2025-09-30,seed,
1016,11,508,191.89,INR,2025-09-30,,seed,1015
1017,11,509,117.55,INR,2025-03-15,2025-09-18,seed,
1018,11,509,123.77,INR,2025-09-18,,seed,1017
1019,11,510,70.87,INR,2025-04-25,2025-09-10,seed,
1020,11,510,76.54,INR,2025-09-10,,seed,1019
1021,11,511,110.37,INR,2025-02-13,2025-11-16,seed,
1022,11,511,124.48,INR,2025-11-16,,seed,1021
1023,11,512,91.44,INR,2025-05-06,2026-03-23,seed,
1024,11,512,102.80,INR,2026-03-23,,seed,1023
1025,11,513,114.25,INR,2024-12-11,2025-10-13,seed,
1026,11,513,123.87,INR,2025-10-13,,seed,1025
1027,11,514,90.31,INR,2025-05-06,2026-05-08,seed,
1028,11,514,95.61,INR,2026-05-08,,seed,1027
1029,11,515,134.06,INR,2025-03-04,2025-12-15,seed,
1030,11,515,147.14,INR,2025-12-15,,seed,1029
1031,11,516,50.42,INR,2025-05-08,2025-10-25,seed,
1032,11,516,54.93,INR,2025-10-25,,seed,1031
1033,11,517,51.42,INR,2025-04-20,2026-02-02,seed,
1034,11,517,54.72,INR,2026-02-02,,seed,1033
1035,11,518,98.25,INR,2025-06-14,2026-03-22,seed,
1036,11,518,111.19,INR,2026-03-22,,seed,1035
1037,11,519,94.50,INR,2025-03-18,2026-02-03,seed,
1038,11,519,101.49,INR,2026-02-03,,seed,1037
1039,11,520,179.73,INR,2025-08-23,2026-02-15,seed,
1040,11,520,200.93,INR,2026-02-15,,seed,1039
1041,11,521,153.87,INR,2025-06-04,2025-10-24,seed,
1042,11,521,160.60,INR,2025-10-24,,seed,1041
1043,11,522,127.44,INR,2024-11-11,2025-11-13,seed,
1044,11,522,141.94,INR,2025-11-13,,seed,1043
1045,11,523,64.11,INR,2025-04-16,2025-11-25,seed,
1046,11,523,67.09,INR,2025-11-25,,seed,1045
1047,11,524,102.43,INR,2024-10-18,2025-11-15,seed,
1048,11,524,115.66,INR,2025-11-15,,seed,1047
1049,11,525,53.94,INR,2024-10-25,2025-10-13,seed,
1050,11,525,59.03,INR,2025-10-13,,seed,1049
1051,11,526,124.29,INR,2025-05-25,2026-03-03,seed,
1052,11,526,133.32,INR,2026-03-03,,seed,1051
1053,11,527,169.40,INR,2025-04-10,2026-02-12,seed,
1054,11,527,180.13,INR,2026-02-12,,seed,1053
1055,11,528,114.76,INR,2024-11-22,2025-10-02,seed,
1056,11,528,127.30,INR,2025-10-02,,seed,1055
1057,11,529,208.56,INR,2025-09-10,2026-05-19,seed,
1058,11,529,219.86,INR,2026-05-19,,seed,1057
1059,11,530,207.48,INR,2024-11-08,2025-10-16,seed,
1060,11,530,230.83,INR,2025-10-16,,seed,1059
1061,11,531,116.22,INR,2024-12-24,2025-10-22,seed,
1062,11,531,126.12,INR,2025-10-22,,seed,1061
1063,11,532,96.41,INR,2025-04-14,2025-11-27,seed,
1064,11,532,105.68,INR,2025-11-27,,seed,1063
1065,11,533,87.12,INR,2025-03-17,2026-04-18,seed,
1066,11,533,91.11,INR,2026-04-18,,seed,1065
1067,11,534,90.33,INR,2025-06-23,2026-02-03,seed,
1068,11,534,99.40,INR,2026-02-03,,seed,1067
1069,12,535,194.91,INR,2025-03-21,2025-10-06,seed,
1070,12,535,217.43,INR,2025-10-06,,seed,1069
1071,12,536,155.93,INR,2025-05-05,2025-12-20,seed,
1072,12,536,169.05,INR,2025-12-20,,seed,1071
1073,12,537,127.96,INR,2025-08-21,2026-04-07,seed,
1074,12,537,139.64,INR,2026-04-07,,seed,1073
1075,12,538,241.62,INR,2025-02-02,2025-12-05,seed,
1076,12,538,264.00,INR,2025-12-05,,seed,1075
1077,12,539,271.11,INR,2024-11-23,2025-09-19,seed,
1078,12,539,301.45,INR,2025-09-19,,seed,1077
1079,12,540,150.66,INR,2025-05-13,2026-03-22,seed,
1080,12,540,170.52,INR,2026-03-22,,seed,1079
1081,12,541,173.48,INR,2024-12-04,2025-10-26,seed,
1082,12,541,179.83,INR,2025-10-26,,seed,1081
1083,12,542,118.02,INR,2025-06-04,2026-03-21,seed,
1084,12,542,124.21,INR,2026-03-21,,seed,1083
1085,12,543,184.07,INR,2024-11-09,2025-11-15,seed,
1086,12,543,204.85,INR,2025-11-15,,seed,1085
1087,12,544,170.97,INR,2024-10-19,2025-09-27,seed,
1088,12,544,180.15,INR,2025-09-27,,seed,1087
1089,12,545,213.49,INR,2025-03-19,2026-02-01,seed,
1090,12,545,222.27,INR,2026-02-01,,seed,1089
1091,12,546,305.40,INR,2025-03-23,2025-09-06,seed,
1092,12,546,337.37,INR,2025-09-06,,seed,1091
1093,12,547,256.59,INR,2025-04-16,2026-02-14,seed,
1094,12,547,267.36,INR,2026-02-14,,seed,1093
1095,12,548,263.42,INR,2025-05-25,2025-11-24,seed,
1096,12,548,272.77,INR,2025-11-24,,seed,1095
1097,12,549,177.36,INR,2026-01-15,2026-05-18,seed,
1098,12,549,196.44,INR,2026-05-18,,seed,1097
1099,12,550,277.69,INR,2025-08-22,2026-05-10,seed,
1100,12,550,315.54,INR,2026-05-10,,seed,1099
1101,12,551,185.18,INR,2024-12-06,2025-11-13,seed,
1102,12,551,201.95,INR,2025-11-13,,seed,1101
1103,12,552,150.62,INR,2025-05-29,2025-12-18,seed,
1104,12,552,162.56,INR,2025-12-18,,seed,1103
1105,12,553,280.79,INR,2025-04-21,2025-09-12,seed,
1106,12,553,304.78,INR,2025-09-12,,seed,1105
1107,12,554,259.11,INR,2025-05-09,2026-05-18,seed,
1108,12,554,270.10,INR,2026-05-18,,seed,1107
1109,12,555,203.97,INR,2024-12-27,2025-09-13,seed,
1110,12,555,215.74,INR,2025-09-13,,seed,1109
1111,12,556,174.63,INR,2025-03-21,2025-11-25,seed,
1112,12,556,194.52,INR,2025-11-25,,seed,1111
1113,12,557,162.98,INR,2025-05-18,2025-12-05,seed,
1114,12,557,178.21,INR,2025-12-05,,seed,1113
1115,12,558,376.35,INR,2026-01-01,2026-05-24,seed,
1116,12,558,402.06,INR,2026-05-24,,seed,1115
1117,12,559,159.86,INR,2025-05-02,2026-04-20,seed,
1118,12,559,178.36,INR,2026-04-20,,seed,1117
1119,12,560,160.78,INR,2025-01-01,2025-11-21,seed,
1120,12,560,172.32,INR,2025-11-21,,seed,1119
1121,12,561,158.85,INR,2025-04-09,2026-02-21,seed,
1122,12,561,172.62,INR,2026-02-21,,seed,1121
1123,12,562,138.87,INR,2025-09-20,2026-05-20,seed,
1124,12,562,151.68,INR,2026-05-20,,seed,1123
1125,12,563,254.92,INR,2025-04-26,2026-04-18,seed,
1126,12,563,277.48,INR,2026-04-18,,seed,1125
1127,12,564,154.23,INR,2025-03-28,2025-10-13,seed,
1128,12,564,173.51,INR,2025-10-13,,seed,1127
1129,12,565,230.74,INR,2025-09-22,2026-02-21,seed,
1130,12,565,262.01,INR,2026-02-21,,seed,1129
1131,12,566,140.14,INR,2025-03-17,2026-03-23,seed,
1132,12,566,148.29,INR,2026-03-23,,seed,1131
1133,12,567,165.02,INR,2025-06-21,2025-12-04,seed,
1134,12,567,173.42,INR,2025-12-04,,seed,1133
1135,12,568,42.97,INR,2025-06-11,2025-12-23,seed,
1136,12,568,48.74,INR,2025-12-23,,seed,1135
1137,12,569,75.04,INR,2025-04-01,2026-03-18,seed,
1138,12,569,79.28,INR,2026-03-18,,seed,1137
1139,12,570,110.49,INR,2024-09-09,2025-09-16,seed,
1140,12,570,121.52,INR,2025-09-16,,seed,1139
1141,12,571,83.08,INR,2025-08-05,2026-05-06,seed,
1142,12,571,94.39,INR,2026-05-06,,seed,1141
1143,12,572,59.74,INR,2025-01-13,2026-02-14,seed,
1144,12,572,65.51,INR,2026-02-14,,seed,1143
1145,12,573,39.08,INR,2025-05-01,2026-04-28,seed,
1146,12,573,40.68,INR,2026-04-28,,seed,1145
1147,12,574,33.30,INR,2024-11-09,2025-11-22,seed,
1148,12,574,35.79,INR,2025-11-22,,seed,1147
1149,12,575,121.15,INR,2025-05-23,2026-04-09,seed,
1150,12,575,125.38,INR,2026-04-09,,seed,1149
1151,12,576,176.99,INR,2025-03-16,2025-12-19,seed,
1152,12,576,195.76,INR,2025-12-19,,seed,1151
1153,12,577,16.12,INR,2025-09-30,2026-02-04,seed,
1154,12,577,17.73,INR,2026-02-04,,seed,1153
1155,12,578,36.37,INR,2025-09-13,2026-04-30,seed,
1156,12,578,37.74,INR,2026-04-30,,seed,1155
1157,12,579,55.07,INR,2025-05-08,2026-02-20,seed,
1158,12,579,58.64,INR,2026-02-20,,seed,1157
1159,12,580,104.18,INR,2025-03-27,2025-11-16,seed,
1160,12,580,111.44,INR,2025-11-16,,seed,1159
1161,12,581,29.53,INR,2025-09-05,2026-02-24,seed,
1162,12,581,32.77,INR,2026-02-24,,seed,1161
1163,12,582,109.74,INR,2025-03-25,2026-02-12,seed,
1164,12,582,122.07,INR,2026-02-12,,seed,1163
1165,12,583,117.89,INR,2025-09-11,2026-02-11,seed,
1166,12,583,121.70,INR,2026-02-11,,seed,1165
1167,12,584,94.01,INR,2025-04-20,2026-04-24,seed,
1168,12,584,100.71,INR,2026-04-24,,seed,1167
1169,12,585,116.94,INR,2025-05-07,2025-09-07,seed,
1170,12,585,123.72,INR,2025-09-07,,seed,1169
1171,12,586,25.41,INR,2024-11-13,2025-11-06,seed,
1172,12,586,27.53,INR,2025-11-06,,seed,1171
1173,12,587,30.83,INR,2025-09-08,2026-02-18,seed,
1174,12,587,34.54,INR,2026-02-18,,seed,1173
1175,12,588,129.30,INR,2025-07-13,2025-11-12,seed,
1176,12,588,133.74,INR,2025-11-12,,seed,1175
1177,12,589,28.33,INR,2025-06-08,2026-02-22,seed,
1178,12,589,31.67,INR,2026-02-22,,seed,1177
1179,12,590,31.87,INR,2025-03-07,2025-11-29,seed,
1180,12,590,35.84,INR,2025-11-29,,seed,1179
1181,12,591,116.81,INR,2025-09-17,2026-05-01,seed,
1182,12,591,130.37,INR,2026-05-01,,seed,1181
1183,12,592,101.32,INR,2025-03-28,2026-03-13,seed,
1184,12,592,114.04,INR,2026-03-13,,seed,1183
1185,12,593,28.19,INR,2025-06-29,2026-03-31,seed,
1186,12,593,30.79,INR,2026-03-31,,seed,1185
1187,12,594,84.09,INR,2025-07-28,2026-01-30,seed,
1188,12,594,86.71,INR,2026-01-30,,seed,1187
1189,12,595,50.49,INR,2025-04-13,2025-09-29,seed,
1190,12,595,52.70,INR,2025-09-29,,seed,1189
1191,12,596,168.57,INR,2025-06-06,2026-03-18,seed,
1192,12,596,180.18,INR,2026-03-18,,seed,1191
1193,12,597,134.39,INR,2025-02-13,2025-10-22,seed,
1194,12,597,143.80,INR,2025-10-22,,seed,1193
1195,12,598,153.10,INR,2025-08-09,2026-03-09,seed,
1196,12,598,159.07,INR,2026-03-09,,seed,1195
1197,12,599,23.63,INR,2025-02-12,2025-10-29,seed,
1198,12,599,26.67,INR,2025-10-29,,seed,1197
1199,12,600,26.56,INR,2025-01-25,2025-12-05,seed,
1200,12,600,29.12,INR,2025-12-05,,seed,1199
